>B>:;0B0 8 2@5<O 480;>30;0B53>@8O (:;0AA8D8:0F8O);>4:0B53>@8O (:;0AA8D8:0F8O);"538;!53<5=B 72>=:0;"8? 480;>30
rb;2026-02-18 22:56:28;?>B5:0; - !B0BCA ?>30H5=8O. 5@5?@>25@O5B;0?@>A =5 @5H5=, "5E=8G5A:85 ?@>1;5<K/A1>8;mass;>=AC;LB0F8O
rb;2026-02-18 22:51:17;@548B  70;>30;!B@0E>2:0 - #A;>28O;0?@>A =5 @5H5=;mass;>=AC;LB0F8O
rb;2026-02-18 22:45:42;5@52>4K;> =><5@C  "+ - H81:0 ?@8 ?5@52>45;0?@>A =5 @5H5=, "5E=8G5A:85 ?@>1;5<K/A1>8;mass;@5B5=78O
rb;2026-02-18 22:27:23;515B>20O :0@B0;!=OB85 =0;8G=KE 157 :0@BK;0?@>A =5 @5H5=, B@8F0B5;L=K9 ?@>4C:B>2K9 D841M:;mass;>=AC;LB0F8O
rb;2026-02-18 22:21:40;515B>20O :0@B0;>?@>AK ?> AB0@K< :0@B0< !15@10=:0;0?@>A =5 @5H5=;mass;>=AC;LB0F8O
rb;2026-02-18 22:13:47;2B>:@548B;!B0BCA 70O2:8;0?@>A =5 @5H5=;mass;>=AC;LB0F8O
rb;2026-02-18 22:08:08;@548B  70;>30; - !B0BCA ?>30H5=8O. 5@5?@>25@O5B;0?@>A =5 @5H5=, "5E=8G5A:85 ?@>1;5<K/A1>8;mass;>=AC;LB0F8O
rb;2026-02-18 22:00:53;5?>78B;#A;>28O - ABL 45?>78B;0?@>A =5 @5H5=, B@8F0B5;L=K9 ?@>4C:B>2K9 D841M:;mass;>=AC;LB0F8O
rb;2026-02-18 21:58:30;5?>78B;=F845=B;0?@>A =5 @5H5=, B@8F0B5;L=K9 ?@>4C:B>2K9 D841M:;mass;@5B5=78O
rb;2026-02-18 21:52:58;@548B  70;>30; - !B0BCA ?>30H5=8O. 5@5?@>25@O5B;0?@>A =5 @5H5=;mass;>=AC;LB0F8O
rb;2026-02-18 21:48:55;@548B  70;>30; - !B0BCA ?>30H5=8O. 5@5?@>25@O5B;0?@>A =5 @5H5=;mass;>=AC;LB0F8O
rb;2026-02-18 21:41:26;2B>:@548B; - !?>A>1K >?;0BK;0?@>A =5 @5H5=;mass;>=AC;LB0F8O
rb;2026-02-18 21:38:36;@548B  70;>30; - !B0BCA ?>30H5=8O. 5@5?@>25@O5B;0?@>A =5 @5H5=;mass;>=AC;LB0F8O
rb;2026-02-18 21:33:29;@548B  70;>3;#A;>28O - 5B :@548B0;0?@>A =5 @5H5=;mass;>=AC;LB0F8O
rb;2026-02-18 21:22:39;@548B  70;>30;0;>10 =0 !!/72>=>: > ;"5E=8G5A:85 ?@>1;5<K/A1>8, 0?@>A =5 @5H5=;mass;@5B5=78O
rb;2026-02-18 21:18:16;@548B  70;>30; - !?>A>1K >?;0BK (>3@0=8G5=8O);0?@>A =5 @5H5=;mass;>=AC;LB0F8O
rb;2026-02-18 21:16:25;5?>78B;@>G55;0?@>A =5 @5H5=;mass;>=AC;LB0F8O
rb;2026-02-18 21:13:46; Bereke Bank; 538AB@0F8O;0?@>A =5 @5H5=;mass;>=AC;LB0F8O
rb;2026-02-18 21:03:37;@548B  70;>30; - !B0BCA ?>30H5=8O. 5?>=OB> :0: 2=5AB8  2 ;0?@>A =5 @5H5=;mass;>=AC;LB0F8O
rb;2026-02-18 20:57:46;@548B  70;>30; - !C<<0 8 40B0;B@8F0B5;L=K9 ?@>4C:B>2K9 D841M:;mass;>=AC;LB0F8O
rb;2026-02-18 20:50:15;@548B  70;>30; - #A;>28O;0?@>A =5 @5H5=;mass;>=AC;LB0F8O
rb;2026-02-18 20:47:51;@548B  70;>30;@>G55;0?@>A =5 @5H5=;mass;>=AC;LB0F8O
rb;2026-02-18 20:44:16;2B>:@548B;#A;>28O - 5B :@548B0;0?@>A =5 @5H5=;mass;>=AC;LB0F8O
rb;2026-02-18 20:40:16;@548B  70;>30;H81:0 ?@8 >?;0B5  2 ATM;B@8F0B5;L=K9 ?@>4C:B>2K9 D841M:;mass;@5B5=78O
rb;2026-02-18 20:35:39;@548B  70;>30;' - #A;>28O;0?@>A =5 @5H5=;mass;>=AC;LB0F8O
rb;2026-02-18 20:35:22;@548B  70;>30; 5D8=0=A8@>20=85;0?@>A =5 @5H5=, B@8F0B5;L=K9 ?@>4C:B>2K9 D841M:;mass;>=AC;LB0F8O
rb;2026-02-18 20:32:19;5@52>4K;=F845=B;0?@>A =5 @5H5=, "5E=8G5A:85 ?@>1;5<K/A1>8;mass;@5B5=78O
rb;2026-02-18 20:31:19; Bereke Bank;H81:0 ?@8 2E>45 - @>G55;0?@>A =5 @5H5=;mass;@5B5=78O
rb;2026-02-18 20:28:44;@548B  70;>30;@>G55;0?@>A =5 @5H5=;mass;>=AC;LB0F8O
rb;2026-02-18 20:27:28;@548B  70;>30; 5D8=0=A8@>20=85;0?@>A =5 @5H5=;mass;>=AC;LB0F8O
rb;2026-02-18 20:20:48;@548B  70;>30; 5D8=0=A8@>20=85;0?@>A =5 @5H5=;mass;>=AC;LB0F8O
rb;2026-02-18 20:19:17;@548B  70;>30;@>G55;0?@>A =5 @5H5=;mass;>=AC;LB0F8O
rb;2026-02-18 20:15:11;@548B  70;>3;!=OBL >1@5<5=5=85 A =542868<>AB8;0?@>A =5 @5H5=, B@8F0B5;L=K9 ?@>4C:B>2K9 D841M:;mass;>=AC;LB0F8O
rb;2026-02-18 20:13:58;@548B  70;>30;0;>10 =0 !!/72>=>: > ;0?@>A =5 @5H5=;mass;@5B5=78O
rb;2026-02-18 19:58:40;5?>78B;0:@KBL;#3@>70 CE>40/>B:070 >B ?@>4C:B>2 10=:0, B@8F0B5;L=K9 ?@>4C:B>2K9 D841M:;mass;>=AC;LB0F8O
rb;2026-02-18 19:57:02;5@52>4K;> =><5@C !'" - #A;>28O;0?@>A =5 @5H5=;mass;>=AC;LB0F8O
rb;2026-02-18 19:54:26;515B>20O :0@B0;K?8A:0 - 5B0;870F8O A> AB>@>=K &;0?@>A =5 @5H5=;mass;>=AC;LB0F8O
rb;2026-02-18 19:52:27;2B>:@548B; - !B0BCA ?>30H5=8O. 5@5?@>25@O5B;0?@>A =5 @5H5=;mass;>=AC;LB0F8O
rb;2026-02-18 19:49:32;@548B  70;>30; - !C<<0 8 40B0;0?@>A =5 @5H5=;mass;>=AC;LB0F8O
rb;2026-02-18 19:46:14;@548B  70;>30; - !B0BCA ?>30H5=8O. 5?>=OB> :0: 2=5AB8  2 ;0?@>A =5 @5H5=;mass;>=AC;LB0F8O
rb;2026-02-18 19:41:29;@548B  70;>30; - !B0BCA ?>30H5=8O. 5@5?@>25@O5B;0?@>A =5 @5H5=;mass;>=AC;LB0F8O
rb;2026-02-18 19:39:28;@548B  70;>30; - !?>A>1K >?;0BK;0?@>A =5 @5H5=;mass;>=AC;LB0F8O
rb;2026-02-18 19:38:09;@5<8C< :0@B0;@82O7:0 : PAY (Apple Pay, Google Pay, ...);0?@>A =5 @5H5=;mass;>=AC;LB0F8O
rb;2026-02-18 19:37:40;@548B  70;>3;#A;>28O - 5B :@548B0;0?@>A =5 @5H5=;mass;>=AC;LB0F8O
rb;2026-02-18 19:36:04;2B>:@548B;H81:0 ?@8 >?;0B5  2 ATM;0?@>A =5 @5H5=, "5E=8G5A:85 ?@>1;5<K/A1>8;mass;@5B5=78O
rb;2026-02-18 19:34:34;@548B  70;>30; - !B0BCA ?>30H5=8O. 5?>=OB> :0: 2=5AB8  2 ;0?@>A =5 @5H5=;mass;>=AC;LB0F8O
rb;2026-02-18 19:31:08;2B>:@548B;@>G55;0?@>A =5 @5H5=;mass;>=AC;LB0F8O
rb;2026-02-18 19:30:14;2B>:@548B; - !C<<0 8 40B0;0?@>A =5 @5H5=;mass;>=AC;LB0F8O
rb;2026-02-18 19:29:15;@548B  70;>3;#A;>28O - 5B :@548B0;0?@>A =5 @5H5=;mass;>=AC;LB0F8O
rb;2026-02-18 19:29:06;2B>:@548B;!B0BCA 70O2:8;0?@>A =5 @5H5=;mass;>=AC;LB0F8O
rb;2026-02-18 19:26:40;@548B  70;>30;!B0BCA 70O2:8;B@8F0B5;L=K9 ?@>4C:B>2K9 D841M:, 0?@>A =5 @5H5=;mass;>=AC;LB0F8O
rb;2026-02-18 19:22:25;@548B  70;>30; - !B0BCA ?>30H5=8O. 5@5?@>25@O5B;0?@>A =5 @5H5=;mass;>=AC;LB0F8O
rb;2026-02-18 19:19:39;@548B  70;>30;#A;>28O - ABL :@548B;0?@>A =5 @5H5=;mass;>=AC;LB0F8O
rb;2026-02-18 19:15:33;@548B  70;>30; - !B0BCA ?>30H5=8O. 5@5?@>25@O5B;0?@>A =5 @5H5=;mass;>=AC;LB0F8O
rb;2026-02-18 19:14:26;5@52>4K;> =><5@C  "+ - H81:0 ?@8 ?5@52>45;0?@>A =5 @5H5=;mass;@5B5=78O
rb;2026-02-18 19:13:20;>O;L=>ABL;5 ?>ABC?8;8 1>=CAK;#3@>70 CE>40/>B:070 >B ?@>4C:B>2 10=:0, B@8F0B5;L=K9 ?@>4C:B>2K9 D841M:;mass;@5B5=78O
rb;2026-02-18 19:12:10;515B>20O :0@B0;:B820F8O :0@BK;0?@>A =5 @5H5=, "5E=8G5A:85 ?@>1;5<K/A1>8;mass;>=AC;LB0F8O
rb;2026-02-18 19:10:21;@548B  70;>30;#A;>28O - 5B :@548B0;0?@>A =5 @5H5=, B@8F0B5;L=K9 ?@>4C:B>2K9 D841M:;mass;>=AC;LB0F8O
rb;2026-02-18 19:06:21;@548B  70;>30; - !B0BCA ?>30H5=8O. 5@5?@>25@O5B;0?@>A =5 @5H5=;mass;>=AC;LB0F8O
rb;2026-02-18 19:05:37;?>B5:0;0;>10 =0 !!/72>=>: > ;0?@>A =5 @5H5=;mass;@5B5=78O
rb;2026-02-18 19:03:46;@548B  70;>3;#A;>28O - 5B :@548B0;0?@>A =5 @5H5=;mass;>=AC;LB0F8O
rb;2026-02-18 19:01:46;515B>20O :0@B0;5 ?>ABC?8; 2>72@0B;0?@>A =5 @5H5=, "5E=8G5A:85 ?@>1;5<K/A1>8;mass;>=AC;LB0F8O
rb;2026-02-18 19:01:03;@548B  70;>30; - !B0BCA ?>30H5=8O. 5@5?@>25@O5B;0?@>A =5 @5H5=;mass;>=AC;LB0F8O
rb;2026-02-18 19:00:28;@548B  70;>30; - !B0BCA ?>30H5=8O. 5?>=OB> :0: 2=5AB8  2 ;0?@>A =5 @5H5=, "5E=8G5A:85 ?@>1;5<K/A1>8;mass;>=AC;LB0F8O
rb;2026-02-18 19:00:23;5?>78B;#A;>28O - @>;>=30F8O;B@8F0B5;L=K9 ?@>4C:B>2K9 D841M:, 0?@>A =5 @5H5=;mass;>=AC;LB0F8O
rb;2026-02-18 19:00:06;?>B5:0; - !B0BCA ?>30H5=8O. 5@5?@>25@O5B;0?@>A =5 @5H5=, B@8F0B5;L=K9 ?@>4C:B>2K9 D841M:;mass;>=AC;LB0F8O
rb;2026-02-18 18:59:39;>O;L=>ABL;#A;>28O ?> 1>=CA0<;0?@>A =5 @5H5=;mass;>=AC;LB0F8O
rb;2026-02-18 18:52:31;@548B  70;>30; - !B0BCA ?>30H5=8O. 5@5?@>25@O5B;0?@>A =5 @5H5=;mass;>=AC;LB0F8O
rb;2026-02-18 18:46:48;@548B  70;>30;H81:0 ?@8 >D>@<;5=88 :@548B0 2 ;0?@>A =5 @5H5=;mass;@5B5=78O
rb;2026-02-18 18:45:30;5@52>4K;>;>B0O >@>=0 - #A;>28O;0?@>A =5 @5H5=;mass;>=AC;LB0F8O
rb;2026-02-18 18:44:50;@548B  70;>30;!B0BCA 70O2:8;0?@>A =5 @5H5=;mass;>=AC;LB0F8O
rb;2026-02-18 18:43:22;5@52>4K;> =><5@C "$ - H81:0 ?@8 ?5@52>45;0?@>A =5 @5H5=, "5E=8G5A:85 ?@>1;5<K/A1>8;mass;@5B5=78O
rb;2026-02-18 18:42:41;@548B  70;>30;AB0B>: 4>;30;0?@>A =5 @5H5=;mass;>=AC;LB0F8O
rb;2026-02-18 18:41:16;@548B  70;>30;H81:0 ?@8 >?;0B5  2 ATM;0?@>A =5 @5H5=, "5E=8G5A:85 ?@>1;5<K/A1>8;mass;@5B5=78O
rb;2026-02-18 18:38:06;@548B  70;>30; - !B0BCA ?>30H5=8O. 5@5?@>25@O5B;0?@>A =5 @5H5=;mass;>=AC;LB0F8O
rb;2026-02-18 18:37:38;2B>:@548B;!=OBL >1@5<5=5=85 A 02B><>18;O;0?@>A =5 @5H5=, B@8F0B5;L=K9 ?@>4C:B>2K9 D841M:;mass;>=AC;LB0F8O
rb;2026-02-18 18:36:10;@548B  70;>30; - !?>A>1K >?;0BK;"5E=8G5A:85 ?@>1;5<K/A1>8;mass;>=AC;LB0F8O
rb;2026-02-18 18:34:16;2B>:@548B;!=OBL >1@5<5=5=85 A 02B><>18;O;0?@>A =5 @5H5=;mass;>=AC;LB0F8O
rb;2026-02-18 18:33:57;@548B  70;>30;H81:0 ?@8 >D>@<;5=88 :@548B0 2 ;"5E=8G5A:85 ?@>1;5<K/A1>8, 0?@>A =5 @5H5=;mass;@5B5=78O
rb;2026-02-18 18:32:35;5@52>4K;> =><5@C  "+ - H81:0 ?@8 ?5@52>45;0?@>A =5 @5H5=, "5E=8G5A:85 ?@>1;5<K/A1>8;mass;@5B5=78O
rb;2026-02-18 18:29:52; Bereke Bank;H81:0 ?@8 2E>45 - @>G55;"5E=8G5A:85 ?@>1;5<K/A1>8, 0?@>A =5 @5H5=;mass;@5B5=78O
rb;2026-02-18 18:27:03;515B>20O :0@B0;1=C;5=85 3D Secure, ?8=-:>4, !VV;0?@>A =5 @5H5=;mass;>=AC;LB0F8O
rb;2026-02-18 18:27:01;@548B  70;>30; - BA@>G:0;0?@>A =5 @5H5=;mass;>=AC;LB0F8O
rb;2026-02-18 18:26:26;5@52>4K;  >AA8N - !?8A>: =5A0=:F8>==KE 10=:>2;B@8F0B5;L=K9 ?@>4C:B>2K9 D841M:;mass;>=AC;LB0F8O
rb;2026-02-18 18:26:22;@548B  70;>30; - !C<<0 8 40B0;0?@>A =5 @5H5=;mass;>=AC;LB0F8O
rb;2026-02-18 18:22:40;5?>78B;#A;>28O - ABL 45?>78B;0?@>A =5 @5H5=;mass;>=AC;LB0F8O
rb;2026-02-18 18:21:51;@548B  70;>30;@>G55;"5E=8G5A:85 ?@>1;5<K/A1>8, 0?@>A =5 @5H5=;mass;>=AC;LB0F8O
rb;2026-02-18 18:21:40;@548B  70;>30; - !B0BCA ?>30H5=8O. 5?>=OB> :0: 2=5AB8  2 ;0?@>A =5 @5H5=;mass;>=AC;LB0F8O
rb;2026-02-18 18:20:14;@548B  70;>30;!B0BCA 70O2:8;0?@>A =5 @5H5=;mass;>=AC;LB0F8O
rb;2026-02-18 18:15:42;@548B  70;>30; - !B0BCA ?>30H5=8O. 5@5?@>25@O5B;0?@>A =5 @5H5=;mass;>=AC;LB0F8O
rb;2026-02-18 18:15:42;@548B  70;>30; - !B0BCA ?>30H5=8O. 5@5?@>25@O5B;0?@>A =5 @5H5=;mass;>=AC;LB0F8O
rb;2026-02-18 18:14:21;@548B  70;>30; - BA@>G:0;0?@>A =5 @5H5=;mass;>=AC;LB0F8O
rb;2026-02-18 18:13:39;@548B  70;>30;AB0B>: 4>;30;0?@>A =5 @5H5=, B@8F0B5;L=K9 ?@>4C:B>2K9 D841M:;mass;>=AC;LB0F8O
rb;2026-02-18 18:12:45; Bereke Bank;=F845=B;"5E=8G5A:85 ?@>1;5<K/A1>8, 0?@>A =5 @5H5=;mass;@5B5=78O
rb;2026-02-18 18:12:04; Bereke Bank;H81:0 ?@8 2E>45 - @>G55;"5E=8G5A:85 ?@>1;5<K/A1>8, 0?@>A =5 @5H5=;mass;@5B5=78O
rb;2026-02-18 18:12:03;@548B  70;>30; - !B0BCA ?>30H5=8O. 5@5?@>25@O5B;"5E=8G5A:85 ?@>1;5<K/A1>8;mass;>=AC;LB0F8O
rb;2026-02-18 18:11:26; Bereke Bank;H81:0 ?@8 2E>45 - H81:0 ?>A;5 >1=>2;5=8O;"5E=8G5A:85 ?@>1;5<K/A1>8, 0?@>A =5 @5H5=;mass;@5B5=78O
rb;2026-02-18 18:11:21;@548B  70;>30; - BA@>G:0;0?@>A =5 @5H5=;mass;>=AC;LB0F8O
rb;2026-02-18 18:11:13; Bereke Bank; 071;>:8@>2:0 - ?> 65;0=8N :;85=B0;0?@>A =5 @5H5=;mass;>=AC;LB0F8O
rb;2026-02-18 18:10:18;@548B  70;>30; - !B0BCA ?>30H5=8O. 5@5?@>25@O5B;0?@>A =5 @5H5=;mass;>=AC;LB0F8O
rb;2026-02-18 18:09:09;@548B  70;>30;!B@0E>2:0 - >72@0B;0?@>A =5 @5H5=;mass;>=AC;LB0F8O
rb;2026-02-18 18:08:56;2B>:@548B; - #A;>28O;0?@>A =5 @5H5=;mass;>=AC;LB0F8O
rb;2026-02-18 18:03:25;@548B  70;>30;H81:0 ?@8 >?;0B5 ',  2 ;0?@>A =5 @5H5=;mass;@5B5=78O
rb;2026-02-18 18:03:02;@548B  70;>30;0;>10 =0 !!/72>=>: > ;0?@>A =5 @5H5=;mass;@5B5=78O
rb;2026-02-18 18:01:26;@548B  70;>30; - !B0BCA ?>30H5=8O. 5@5?@>25@O5B;0?@>A =5 @5H5=;mass;>=AC;LB0F8O
rb;2026-02-18 18:00:42; Bereke Bank;5 <>65B ?@>9B8 >=1>@48=3;0?@>A =5 @5H5=;mass;@5B5=78O
rb;2026-02-18 17:58:14;2B>:@548B;!B@0E>2:0 - >72@0B;0?@>A =5 @5H5=;mass;>=AC;LB0F8O
rb;2026-02-18 17:57:30;5?>78B;#A;>28O - ABL 45?>78B;0?@>A =5 @5H5=;mass;>=AC;LB0F8O
rb;2026-02-18 17:55:05;@548B  70;>30; - !?>A>1K >?;0BK;0?@>A =5 @5H5=;mass;>=AC;LB0F8O
rb;2026-02-18 17:54:58;@548B  70;>30; - !B0BCA ?>30H5=8O. 5@5?@>25@O5B;"5E=8G5A:85 ?@>1;5<K/A1>8;mass;>=AC;LB0F8O
rb;2026-02-18 17:54:33;@548B  70;>30; - !?>A>1K >?;0BK (>3@0=8G5=8O);0?@>A =5 @5H5=, "5E=8G5A:85 ?@>1;5<K/A1>8;mass;>=AC;LB0F8O
rb;2026-02-18 17:52:51;@548B  70;>30; - BA@>G:0;0?@>A =5 @5H5=, "5E=8G5A:85 ?@>1;5<K/A1>8;mass;>=AC;LB0F8O
rb;2026-02-18 17:45:31;5?>78B;0:@KBL;0?@>A =5 @5H5=;mass;>=AC;LB0F8O
rb;2026-02-18 17:45:09;@548B  70;>30; - !C<<0 8 40B0;0?@>A =5 @5H5=;mass;>=AC;LB0F8O
rb;2026-02-18 17:43:50;515B>20O :0@B0;!B0BCA :0@BK;0?@>A =5 @5H5=;mass;>=AC;LB0F8O
rb;2026-02-18 17:43:10;5@52>4K;> =><5@C  "+ - H81:0 ?@8 ?5@52>45;0?@>A =5 @5H5=, B@8F0B5;L=K9 ?@>4C:B>2K9 D841M:;mass;@5B5=78O
rb;2026-02-18 17:41:59; Bereke Bank;E>4 - !<5=8; CAB@>9AB2>;0?@>A =5 @5H5=;mass;>=AC;LB0F8O
rb;2026-02-18 17:40:23; Bereke Bank;5 <>65B ?@>9B8 >=1>@48=3;0?@>A =5 @5H5=, "5E=8G5A:85 ?@>1;5<K/A1>8;mass;@5B5=78O
rb;2026-02-18 17:39:52;@548B  70;>30;!C<<0 ?@>A@>G:8;0?@>A =5 @5H5=;mass;>=AC;LB0F8O
rb;2026-02-18 17:39:51;@548B  70;>30; - !B0BCA ?>30H5=8O. 5@5?@>25@O5B;0?@>A =5 @5H5=;mass;>=AC;LB0F8O
rb;2026-02-18 17:39:12;@548B  70;>30; 5D8=0=A8@>20=85;0?@>A =5 @5H5=;mass;>=AC;LB0F8O
rb;2026-02-18 17:35:22;5@52>4K;> =><5@C !'" - !B0BCA ?5@52>40;0?@>A =5 @5H5=, "5E=8G5A:85 ?@>1;5<K/A1>8;mass;>=AC;LB0F8O
rb;2026-02-18 17:32:54;5@52>4K;  >AA8N - #A;>28O;0?@>A =5 @5H5=;mass;>=AC;LB0F8O
rb;2026-02-18 17:32:29;2B>:@548B; - !?>A>1K >?;0BK (>3@0=8G5=8O);0?@>A =5 @5H5=;mass;>=AC;LB0F8O
rb;2026-02-18 17:30:01;5@52>4K;SWIFT - ÐžÑˆÐ¸Ð±ÐºÐ° Ð¿Ñ€Ð¸;"5E=8G5A:85 ?@>1;5<K/A1>8, 0?@>A =5 @5H5=;mass;@5B5=78O
rb;2026-02-18 17:27:13;2B>:@548B;!=OBL >1@5<5=5=85 A 02B><>18;O;0?@>A =5 @5H5=;mass;>=AC;LB0F8O
rb;2026-02-18 17:26:29;2B>:@548B;!C<<0 ?@>A@>G:8;0?@>A =5 @5H5=;mass;>=AC;LB0F8O
rb;2026-02-18 17:23:17;@548B  70;>30; - BA@>G:0;0?@>A =5 @5H5=;mass;>=AC;LB0F8O
rb;2026-02-18 17:22:48;@548B  70;>30;' - #A;>28O;0?@>A =5 @5H5=;mass;>=AC;LB0F8O
rb;2026-02-18 17:21:32;5?>78B;H81:0 ?@8 D>@<8@>20=88 2K?8A:8;B@8F0B5;L=K9 ?@>4C:B>2K9 D841M:, "5E=8G5A:85 ?@>1;5<K/A1>8, 0?@>A =5 @5H5=;mass;@5B5=78O
rb;2026-02-18 17:21:12;5@52>4K;> =><5@C !'" - H81:0 ?@8 ?5@52>45;0?@>A =5 @5H5=, "5E=8G5A:85 ?@>1;5<K/A1>8;mass;@5B5=78O
rb;2026-02-18 17:18:50;5@52>4K;SWIFT - ÐžÑˆÐ¸Ð±ÐºÐ° Ð¿Ñ€Ð¸;0?@>A =5 @5H5=;mass;@5B5=78O
rb;2026-02-18 17:17:23;2B>:@548B; - #A;>28O;0?@>A =5 @5H5=;mass;>=AC;LB0F8O
rb;2026-02-18 17:16:34; Bereke Bank;H81:0 ?@8 2E>45 - @>G55;0?@>A =5 @5H5=;mass;@5B5=78O
rb;2026-02-18 17:16:26; Bereke Bank;H81:0 ?@8 2E>45 - @>G55;"5E=8G5A:85 ?@>1;5<K/A1>8, 0?@>A =5 @5H5=;mass;@5B5=78O
rb;2026-02-18 17:15:08;515B>20O :0@B0;:B820F8O :0@BK;0?@>A =5 @5H5=;mass;>=AC;LB0F8O
rb;2026-02-18 17:13:25;@548B  70;>30; - !B0BCA ?>30H5=8O. 5@5?@>25@O5B;"5E=8G5A:85 ?@>1;5<K/A1>8, 0?@>A =5 @5H5=;mass;>=AC;LB0F8O
rb;2026-02-18 17:10:58;515B>20O :0@B0;:B820F8O :0@BK;0?@>A =5 @5H5=, "5E=8G5A:85 ?@>1;5<K/A1>8;mass;>=AC;LB0F8O
rb;2026-02-18 17:09:54; Bereke Bank;=F845=B;0?@>A =5 @5H5=, "5E=8G5A:85 ?@>1;5<K/A1>8;mass;@5B5=78O
rb;2026-02-18 17:08:33; Bereke Bank;H81:0 ?@8 2E>45 - @>G55;0?@>A =5 @5H5=, "5E=8G5A:85 ?@>1;5<K/A1>8;mass;@5B5=78O
rb;2026-02-18 17:06:10;@548B  70;>30; - !C<<0 8 40B0;0?@>A =5 @5H5=;mass;>=AC;LB0F8O
rb;2026-02-18 17:05:37;2B>:@548B;!=OBL >1@5<5=5=85 A 02B><>18;O;0?@>A =5 @5H5=, "5E=8G5A:85 ?@>1;5<K/A1>8;mass;>=AC;LB0F8O
rb;2026-02-18 17:03:41;@548B  70;>30; - BA@>G:0;0?@>A =5 @5H5=;mass;>=AC;LB0F8O
rb;2026-02-18 17:03:18;?>B5:0; - !C<<0 8 40B0;0?@>A =5 @5H5=, B@8F0B5;L=K9 ?@>4C:B>2K9 D841M:;mass;>=AC;LB0F8O
rb;2026-02-18 17:01:20;@548B  70;>30;0;>10 =0 !!/72>=>: > ;0?@>A =5 @5H5=;mass;@5B5=78O
rb;2026-02-18 16:59:35;2B>:@548B;!=OBL >1@5<5=5=85 A 02B><>18;O;0?@>A =5 @5H5=;mass;>=AC;LB0F8O
rb;2026-02-18 16:59:21;@548B  70;>30; - !B0BCA ?>30H5=8O. 5@5?@>25@O5B;0?@>A =5 @5H5=;mass;>=AC;LB0F8O
rb;2026-02-18 16:59:17;@548B  70;>30; - !B0BCA ?>30H5=8O. 5@5?@>25@O5B;"5E=8G5A:85 ?@>1;5<K/A1>8;mass;>=AC;LB0F8O
rb;2026-02-18 16:57:01;2B>:@548B;!=OBL >1@5<5=5=85 A 02B><>18;O;0?@>A =5 @5H5=;mass;>=AC;LB0F8O
rb;2026-02-18 16:56:46;5@52>4K;>;>B0O >@>=0 - #A;>28O;0?@>A =5 @5H5=;mass;>=AC;LB0F8O
rb;2026-02-18 16:56:25;@548B  70;>30; - !?>A>1K >?;0BK (>3@0=8G5=8O);0?@>A =5 @5H5=;mass;>=AC;LB0F8O
rb;2026-02-18 16:56:06;5?>78B;=F845=B;0?@>A =5 @5H5=, "5E=8G5A:85 ?@>1;5<K/A1>8;mass;@5B5=78O
rb;2026-02-18 16:55:57;@548B  70;>30; - BA@>G:0;0?@>A =5 @5H5=;mass;>=AC;LB0F8O
rb;2026-02-18 16:54:06;>O;L=>ABL;=F845=B;"5E=8G5A:85 ?@>1;5<K/A1>8, 0?@>A =5 @5H5=;mass;@5B5=78O
rb;2026-02-18 16:52:33;@548B  70;>30; - !B0BCA ?>30H5=8O. 5?>=OB> :0: 2=5AB8  2 ;0?@>A =5 @5H5=;mass;>=AC;LB0F8O
rb;2026-02-18 16:50:42;?>B5:0;0;>10 =0 !!/72>=>: > ;0?@>A =5 @5H5=;mass;@5B5=78O
rb;2026-02-18 16:50:38;@548B  70;>30; - !?>A>1K >?;0BK (>3@0=8G5=8O);0?@>A =5 @5H5=;mass;>=AC;LB0F8O
rb;2026-02-18 16:47:39;@548B  70;>30; - BA@>G:0;0?@>A =5 @5H5=;mass;>=AC;LB0F8O
rb;2026-02-18 16:47:26;@548B  70;>30; - BA@>G:0;0?@>A =5 @5H5=;mass;>=AC;LB0F8O
rb;2026-02-18 16:45:55;@548B  70;>30;@>G55;0?@>A =5 @5H5=;mass;>=AC;LB0F8O
rb;2026-02-18 16:45:11;@548B  70;>30;AB0B>: 4>;30;0?@>A =5 @5H5=;mass;>=AC;LB0F8O
rb;2026-02-18 16:41:02;515B>20O :0@B0;5 ?>ABC?8; 2>72@0B;0?@>A =5 @5H5=;mass;>=AC;LB0F8O
rb;2026-02-18 16:39:59;@548B  70;>3; 5D8=0=A8@>20=85;0?@>A =5 @5H5=;mass;>=AC;LB0F8O
rb;2026-02-18 16:37:09;5@52>4K;>;>B0O >@>=0 - #A;>28O;0?@>A =5 @5H5=;mass;>=AC;LB0F8O
rb;2026-02-18 16:35:59;@548B  70;>30; - BA@>G:0;0?@>A =5 @5H5=;mass;>=AC;LB0F8O
rb;2026-02-18 16:35:11;5?>78B;=F845=B;0?@>A =5 @5H5=, "5E=8G5A:85 ?@>1;5<K/A1>8;mass;@5B5=78O
rb;2026-02-18 16:34:58;?>B5:0;AB0B>: 4>;30;0?@>A =5 @5H5=;mass;>=AC;LB0F8O
rb;2026-02-18 16:32:32;@548B  70;>30;' - #A;>28O;0?@>A =5 @5H5=;mass;>=AC;LB0F8O
rb;2026-02-18 16:29:23;2B>:@548B; - !?>A>1K >?;0BK (>3@0=8G5=8O);0?@>A =5 @5H5=;mass;>=AC;LB0F8O
rb;2026-02-18 16:27:50;5?>78B;K?8A:0 ?> AG5BC;0?@>A =5 @5H5=;mass;>=AC;LB0F8O
rb;2026-02-18 16:25:59; Bereke Bank;H81:8 2 8=B5@D59A5;0?@>A =5 @5H5=, "5E=8G5A:85 ?@>1;5<K/A1>8;mass;@5B5=78O
rb;2026-02-18 16:25:43;?>B5:0; - !B0BCA ?>30H5=8O. 5@5?@>25@O5B;"5E=8G5A:85 ?@>1;5<K/A1>8, 0?@>A =5 @5H5=;mass;>=AC;LB0F8O
rb;2026-02-18 16:24:49;2B>:@548B;!=OBL >1@5<5=5=85 A 02B><>18;O;0?@>A =5 @5H5=;mass;>=AC;LB0F8O
rb;2026-02-18 16:23:23;5?>78B;B:@KBL;0?@>A =5 @5H5=;mass;>=AC;LB0F8O
rb;2026-02-18 16:23:04;515B>20O :0@B0;:B820F8O :0@BK;0?@>A =5 @5H5=, "5E=8G5A:85 ?@>1;5<K/A1>8;mass;>=AC;LB0F8O
rb;2026-02-18 16:22:34;5@52>4K;=F845=B;0?@>A =5 @5H5=, "5E=8G5A:85 ?@>1;5<K/A1>8;mass;@5B5=78O
rb;2026-02-18 16:21:29;>O;L=>ABL;5 ?>ABC?8;8 1>=CAK;"5E=8G5A:85 ?@>1;5<K/A1>8, 0?@>A =5 @5H5=;mass;@5B5=78O
rb;2026-02-18 16:16:11;@548B  70;>30;@>G55;"5E=8G5A:85 ?@>1;5<K/A1>8;mass;>=AC;LB0F8O
rb;2026-02-18 16:15:21;2B>:@548B;0;>10 =0 !!/72>=>: > ;0?@>A =5 @5H5=;mass;@5B5=78O
rb;2026-02-18 16:14:22; Bereke Bank;;>:8@>2:0 - ?> 65;0=8N :;85=B0;0?@>A =5 @5H5=, "5E=8G5A:85 ?@>1;5<K/A1>8;mass;>=AC;LB0F8O
rb;2026-02-18 16:11:29;5@52>4K;SWIFT - Ð¡Ñ‚Ð°Ñ‚ÑƒÑ Ð¿;0?@>A =5 @5H5=;mass;>=AC;LB0F8O
rb;2026-02-18 16:10:50;@548B  70;>30;@>G55;0?@>A =5 @5H5=;mass;>=AC;LB0F8O
rb;2026-02-18 16:10:37; Bereke Bank;H81:0 ?@8 @538AB@0F88;"5E=8G5A:85 ?@>1;5<K/A1>8, 0?@>A =5 @5H5=;mass;@5B5=78O
rb;2026-02-18 16:10:17;@548B  70;>30; 5D8=0=A8@>20=85;0?@>A =5 @5H5=;mass;>=AC;LB0F8O
rb;2026-02-18 16:09:30;@548B  70;>30; - BA@>G:0;0?@>A =5 @5H5=;mass;>=AC;LB0F8O
rb;2026-02-18 16:07:54;5?>78B;0:@KBL;0?@>A =5 @5H5=;mass;>=AC;LB0F8O
rb;2026-02-18 16:07:13;@548B  70;>30; - BA@>G:0;0?@>A =5 @5H5=, B@8F0B5;L=K9 ?@>4C:B>2K9 D841M:;mass;>=AC;LB0F8O
rb;2026-02-18 16:06:47;?>B5:0; - !?>A>1K >?;0BK (>3@0=8G5=8O);0?@>A =5 @5H5=;mass;>=AC;LB0F8O
rb;2026-02-18 16:04:26;@548B  70;>30;#A;>28O - 5B :@548B0;0?@>A =5 @5H5=;mass;>=AC;LB0F8O
rb;2026-02-18 16:03:49;@548B  70;>3; - BA@>G:0;0?@>A =5 @5H5=;mass;>=AC;LB0F8O
rb;2026-02-18 16:03:21;5?>78B;#A;>28O - 5B 45?>78B0;0?@>A =5 @5H5=;mass;>=AC;LB0F8O
rb;2026-02-18 16:03:11;@548B  70;>30; - BA@>G:0;0?@>A =5 @5H5=;mass;>=AC;LB0F8O
rb;2026-02-18 16:03:08;5@52>4K;  >AA8N - H81:0 ?@8 ?5@52>45;"5E=8G5A:85 ?@>1;5<K/A1>8, 0?@>A =5 @5H5=;mass;@5B5=78O
rb;2026-02-18 16:00:36;@548B  70;>30;!C<<0 ?@>A@>G:8;0?@>A =5 @5H5=;mass;>=AC;LB0F8O
rb;2026-02-18 15:59:24;@548B  70;>30;0;>10 =0 !!/72>=>: > ;0?@>A =5 @5H5=;mass;@5B5=78O
rb;2026-02-18 15:59:12;@548B  70;>30; - !?>A>1K >?;0BK;0?@>A =5 @5H5=;mass;>=AC;LB0F8O
rb;2026-02-18 15:59:07; Bereke Bank;5 <>65B ?@>9B8 >=1>@48=3;0?@>A =5 @5H5=;mass;@5B5=78O
rb;2026-02-18 15:58:09;515B>20O :0@B0;5 ?>ABC?8; 2>72@0B;0?@>A =5 @5H5=;mass;>=AC;LB0F8O
rb;2026-02-18 15:57:17;@548B  70;>30; - !B0BCA ?>30H5=8O. 5@5?@>25@O5B;0?@>A =5 @5H5=;mass;>=AC;LB0F8O
rb;2026-02-18 15:56:41;@548B  70;>3;0;>10 =0 !!/72>=>: > ;0?@>A =5 @5H5=;mass;@5B5=78O
rb;2026-02-18 15:55:38;@548B  70;>30; - BA@>G:0;0?@>A =5 @5H5=;mass;>=AC;LB0F8O
rb;2026-02-18 15:54:56;515B>20O :0@B0;H81:0 ?@8 >?;0B5 2 8=B5@=5B5;0?@>A =5 @5H5=, B@8F0B5;L=K9 ?@>4C:B>2K9 D841M:;mass;@5B5=78O
rb;2026-02-18 15:53:21;2B>:@548B; - !?>A>1K >?;0BK;0?@>A =5 @5H5=;mass;>=AC;LB0F8O
rb;2026-02-18 15:52:44;>O;L=>ABL;#A;>28O ?> 1>=CA0<;0?@>A =5 @5H5=;mass;>=AC;LB0F8O
rb;2026-02-18 15:51:17;@548B  70;>30; - BA@>G:0;0?@>A =5 @5H5=;mass;>=AC;LB0F8O
rb;2026-02-18 15:50:58;5?>78B;#A;>28O - 5B 45?>78B0;0?@>A =5 @5H5=;mass;>=AC;LB0F8O
rb;2026-02-18 15:49:34;@548B  70;>30; - BA@>G:0;0?@>A =5 @5H5=;mass;>=AC;LB0F8O
rb;2026-02-18 15:49:21;@548B  70;>30; 5D8=0=A8@>20=85;0?@>A =5 @5H5=, B@8F0B5;L=K9 ?@>4C:B>2K9 D841M:;mass;>=AC;LB0F8O
rb;2026-02-18 15:48:30;@548B  70;>30;!C<<0 ?@>A@>G:8;0?@>A =5 @5H5=;mass;>=AC;LB0F8O
rb;2026-02-18 15:46:33;2B>:@548B;!=OBL >1@5<5=5=85 A 02B><>18;O;0?@>A =5 @5H5=;mass;>=AC;LB0F8O
rb;2026-02-18 15:45:05;2B>:@548B; 5D8=0=A8@>20=85;0?@>A =5 @5H5=, B@8F0B5;L=K9 ?@>4C:B>2K9 D841M:;mass;>=AC;LB0F8O
rb;2026-02-18 15:44:25;2B>:@548B;!C<<0 ?@>A@>G:8;0?@>A =5 @5H5=;mass;>=AC;LB0F8O
rb;2026-02-18 15:44:18;@548B  70;>30; - !B0BCA ?>30H5=8O. 5@5?@>25@O5B;0?@>A =5 @5H5=;mass;>=AC;LB0F8O
rb;2026-02-18 15:43:33;@548B  70;>30;@>G55;0?@>A =5 @5H5=;mass;>=AC;LB0F8O
rb;2026-02-18 15:43:04;@548B  70;>30;@>G55;0?@>A =5 @5H5=;mass;>=AC;LB0F8O
rb;2026-02-18 15:40:50;@548B  70;>30; - BA@>G:0;0?@>A =5 @5H5=;mass;>=AC;LB0F8O
rb;2026-02-18 15:40:33;@548B  70;>30; - !?>A>1K >?;0BK (>3@0=8G5=8O);0?@>A =5 @5H5=;mass;>=AC;LB0F8O
rb;2026-02-18 15:38:08;515B>20O :0@B0;@>G55;0?@>A =5 @5H5=;mass;>=AC;LB0F8O
rb;2026-02-18 15:37:35;@548B  70;>30;@>G55;0?@>A =5 @5H5=;mass;>=AC;LB0F8O
rb;2026-02-18 15:36:42;@548B  70;>30; - BA@>G:0;0?@>A =5 @5H5=;mass;>=AC;LB0F8O
rb;2026-02-18 15:36:31;@548B  70;>30; 5D8=0=A8@>20=85;0?@>A =5 @5H5=;mass;>=AC;LB0F8O
rb;2026-02-18 15:35:35;@548B  70;>30; - !C<<0 8 40B0;0?@>A =5 @5H5=;mass;>=AC;LB0F8O
rb;2026-02-18 15:32:47;@548B  70;>30; - BA@>G:0;0?@>A =5 @5H5=;mass;>=AC;LB0F8O
rb;2026-02-18 15:30:36;515B>20O :0@B0;5 ?>ABC?8; 2>72@0B;"5E=8G5A:85 ?@>1;5<K/A1>8, 0?@>A =5 @5H5=;mass;>=AC;LB0F8O
rb;2026-02-18 15:30:00;5@52>4K;  >AA8N - H81:0 ?@8 ?5@52>45;0?@>A =5 @5H5=, "5E=8G5A:85 ?@>1;5<K/A1>8;mass;@5B5=78O
rb;2026-02-18 15:28:11;@548B  70;>30;H81:0 ?@8 >?;0B5  2 ;"5E=8G5A:85 ?@>1;5<K/A1>8, 0?@>A =5 @5H5=;mass;@5B5=78O
rb;2026-02-18 15:26:01;5@52>4K;@>G55;0?@>A =5 @5H5=, "5E=8G5A:85 ?@>1;5<K/A1>8;mass;@5B5=78O
rb;2026-02-18 15:22:29;2B>:@548B;!C<<0 ?@>A@>G:8;0?@>A =5 @5H5=;mass;>=AC;LB0F8O
rb;2026-02-18 15:21:49;@548B  70;>30;AB0B>: 4>;30;0?@>A =5 @5H5=;mass;>=AC;LB0F8O
rb;2026-02-18 15:21:10;@548B  70;>30; - #A;>28O;0?@>A =5 @5H5=;mass;>=AC;LB0F8O
rb;2026-02-18 15:17:09;@548B  70;>30; - !B0BCA ?>30H5=8O. 5@5?@>25@O5B;0?@>A =5 @5H5=;mass;>=AC;LB0F8O
rb;2026-02-18 15:09:35;@548B  70;>30; - 7<5=8BL 40BC;B@8F0B5;L=K9 ?@>4C:B>2K9 D841M:, 0?@>A =5 @5H5=;mass;>=AC;LB0F8O
rb;2026-02-18 15:09:28;@548B  70;>30;@>G55;0?@>A =5 @5H5=;mass;>=AC;LB0F8O
rb;2026-02-18 15:07:24;@548B  70;>30;:F8O;0?@>A =5 @5H5=, B@8F0B5;L=K9 ?@>4C:B>2K9 D841M:;mass;>=AC;LB0F8O
rb;2026-02-18 15:06:36;5@52>4K;@>G55;0?@>A =5 @5H5=;mass;@5B5=78O
rb;2026-02-18 15:06:20;5@52>4K;> =><5@C  "+ - #A;>28O;0?@>A =5 @5H5=;mass;>=AC;LB0F8O
rb;2026-02-18 15:04:27; Bereke Bank;H81:0 ?@8 @538AB@0F88;0?@>A =5 @5H5=;mass;@5B5=78O
rb;2026-02-18 15:04:10;@548B  70;>30;!C<<0 ?@>A@>G:8;0?@>A =5 @5H5=;mass;>=AC;LB0F8O
rb;2026-02-18 15:02:49;@548B  70;>30;0;>10 =0 !!/72>=>: > ;"5E=8G5A:85 ?@>1;5<K/A1>8;mass;@5B5=78O
rb;2026-02-18 15:02:01;@548B  70;>30; - !B0BCA ?>30H5=8O. 5@5?@>25@O5B;0?@>A =5 @5H5=;mass;>=AC;LB0F8O
rb;2026-02-18 15:00:37;2B>:@548B;@>G55;0?@>A =5 @5H5=;mass;>=AC;LB0F8O
rb;2026-02-18 14:58:51;5@52>4K;> =><5@C "$ - H81:0 ?@8 ?5@52>45;0?@>A =5 @5H5=;mass;@5B5=78O
rb;2026-02-18 14:57:50;@548B  70;>30;!C<<0 ?@>A@>G:8;0?@>A =5 @5H5=;mass;>=AC;LB0F8O
rb;2026-02-18 14:57:33;@5<8C< :0@B0; 5:2878BK/IBAN;0?@>A =5 @5H5=, B@8F0B5;L=K9 ?@>4C:B>2K9 D841M:;mass;>=AC;LB0F8O
rb;2026-02-18 14:55:17;@548B  70;>30;@>G55;0?@>A =5 @5H5=;mass;>=AC;LB0F8O
rb;2026-02-18 14:54:41;@548B  70;>30; - !C<<0 8 40B0;0?@>A =5 @5H5=;mass;>=AC;LB0F8O
rb;2026-02-18 14:54:30;515B>20O :0@B0;>?@>AK ?> AB0@K< :0@B0< !15@10=:0;0?@>A =5 @5H5=;mass;>=AC;LB0F8O
rb;2026-02-18 14:52:14; Bereke Bank;H81:0 ?@8 2E>45 - @>G55;"5E=8G5A:85 ?@>1;5<K/A1>8, 0?@>A =5 @5H5=;mass;@5B5=78O
rb;2026-02-18 14:49:56;2B>:@548B;0;>10 =0 !!/72>=>: > ;0?@>A =5 @5H5=;mass;@5B5=78O
rb;2026-02-18 14:49:09;@548B  70;>30; - #A;>28O;0?@>A =5 @5H5=;mass;>=AC;LB0F8O
rb;2026-02-18 14:48:41;5@52>4K;@>G55;"5E=8G5A:85 ?@>1;5<K/A1>8, 0?@>A =5 @5H5=;mass;@5B5=78O
rb;2026-02-18 14:47:54;@548B  70;>30; - 7<5=8BL 40BC;0?@>A =5 @5H5=, 0?@>A =5 @5H5=;mass;>=AC;LB0F8O
rb;2026-02-18 14:47:24;@548B  70;>30;0;>10 =0 !!/72>=>: > ;0?@>A =5 @5H5=;mass;@5B5=78O
rb;2026-02-18 14:46:37;515B>20O :0@B0;!=OB85 =0;8G=KE 157 :0@BK;0?@>A =5 @5H5=;mass;>=AC;LB0F8O
rb;2026-02-18 14:45:08;@548B  70;>30;0;>10 =0 !!/72>=>: > ;0?@>A =5 @5H5=, "5E=8G5A:85 ?@>1;5<K/A1>8;mass;@5B5=78O
rb;2026-02-18 14:44:46; Bereke Bank;H81:0 ?@8 2E>45 - @>G55;0?@>A =5 @5H5=;mass;@5B5=78O
rb;2026-02-18 14:44:27;@548B  70;>30;!B@0E>2:0 - >72@0B;0?@>A =5 @5H5=;mass;>=AC;LB0F8O
rb;2026-02-18 14:39:56;@548B  70;>30; - !C<<0 8 40B0;0?@>A =5 @5H5=;mass;>=AC;LB0F8O
rb;2026-02-18 14:37:34;@548B  70;>30;0;>10 =0 !!/72>=>: > ;0?@>A =5 @5H5=, B@8F0B5;L=K9 ?@>4C:B>2K9 D841M:;mass;@5B5=78O
rb;2026-02-18 14:36:39;@548B  70;>30; - #A;>28O;0?@>A =5 @5H5=;mass;>=AC;LB0F8O
rb;2026-02-18 14:36:17;@548B  70;>30;@>G55;0?@>A =5 @5H5=, "5E=8G5A:85 ?@>1;5<K/A1>8;mass;>=AC;LB0F8O
rb;2026-02-18 14:35:24;5@52>4K;> =><5@C  "+ - H81:0 ?@8 ?5@52>45;0?@>A =5 @5H5=, "5E=8G5A:85 ?@>1;5<K/A1>8;mass;@5B5=78O
rb;2026-02-18 14:35:24;515B>20O :0@B0;5 ?>ABC?8; 2>72@0B;"5E=8G5A:85 ?@>1;5<K/A1>8, 0?@>A =5 @5H5=;mass;>=AC;LB0F8O
rb;2026-02-18 14:34:48;5?>78B;#A;>28O - ABL 45?>78B;B@8F0B5;L=K9 ?@>4C:B>2K9 D841M:, 0?@>A =5 @5H5=;mass;>=AC;LB0F8O
rb;2026-02-18 14:33:44;@548B  70;>30; - BA@>G:0;0?@>A =5 @5H5=;mass;>=AC;LB0F8O
rb;2026-02-18 14:33:37;2B>:@548B;!B0BCA 70O2:8;0?@>A =5 @5H5=;mass;>=AC;LB0F8O
rb;2026-02-18 14:33:26;@548B  70;>30; - !B0BCA ?>30H5=8O. 5@5?@>25@O5B;"5E=8G5A:85 ?@>1;5<K/A1>8, 0?@>A =5 @5H5=;mass;>=AC;LB0F8O
rb;2026-02-18 14:32:22;@548B  70;>30; - !B0BCA ?>30H5=8O. 5@5?@>25@O5B;"5E=8G5A:85 ?@>1;5<K/A1>8, 0?@>A =5 @5H5=;mass;>=AC;LB0F8O
rb;2026-02-18 14:32:13;5@52>4K;=F845=B;0?@>A =5 @5H5=, "5E=8G5A:85 ?@>1;5<K/A1>8;mass;@5B5=78O
rb;2026-02-18 14:32:03;@548B  70;>30; 5D8=0=A8@>20=85;B@8F0B5;L=K9 ?@>4C:B>2K9 D841M:, 0?@>A =5 @5H5=;mass;>=AC;LB0F8O
rb;2026-02-18 14:31:50;@548B  70;>30;AB0B>: 4>;30;0?@>A =5 @5H5=;mass;>=AC;LB0F8O
rb;2026-02-18 14:29:22;@548B  70;>30;!B0BCA 70O2:8;0?@>A =5 @5H5=;mass;>=AC;LB0F8O
rb;2026-02-18 14:29:05;5@52>4K;SWIFT - Ð¡Ñ‚Ð°Ñ‚ÑƒÑ Ð¿;0?@>A =5 @5H5=;mass;>=AC;LB0F8O
rb;2026-02-18 14:29:03;@548B  70;>30; - BA@>G:0;0?@>A =5 @5H5=;mass;>=AC;LB0F8O
rb;2026-02-18 14:28:42;5@52>4K;@>G55;0?@>A =5 @5H5=;mass;@5B5=78O
rb;2026-02-18 14:27:30;@548B  70;>30; - !B0BCA ?>30H5=8O. 5@5?@>25@O5B;0?@>A =5 @5H5=;mass;>=AC;LB0F8O
rb;2026-02-18 14:24:35;@548B  70;>30;H81:0 ?@8 >D>@<;5=88 :@548B0 2 ;0?@>A =5 @5H5=, "5E=8G5A:85 ?@>1;5<K/A1>8;mass;@5B5=78O
rb;2026-02-18 14:24:17;?>B5:0; - !B0BCA ?>30H5=8O. 5@5?@>25@O5B;0?@>A =5 @5H5=;mass;>=AC;LB0F8O
rb;2026-02-18 14:24:07;?>B5:0;0;>10 =0 !!/72>=>: > ;0?@>A =5 @5H5=;mass;@5B5=78O
rb;2026-02-18 14:23:17;@548B  70;>30;H81:0 ?@8 >?;0B5  2 ;0?@>A =5 @5H5=;mass;@5B5=78O
rb;2026-02-18 14:22:43;@548B  70;>30;@>G55;0?@>A =5 @5H5=;mass;>=AC;LB0F8O
rb;2026-02-18 14:20:41;?>B5:0; - !B0BCA ?>30H5=8O. 5@5?@>25@O5B;0?@>A =5 @5H5=;mass;>=AC;LB0F8O
rb;2026-02-18 14:20:27;@548B  70;>30;!C<<0 ?@>A@>G:8;0?@>A =5 @5H5=;mass;>=AC;LB0F8O
rb;2026-02-18 14:20:25;@548B  70;>30; - !B0BCA ?>30H5=8O. 5@5?@>25@O5B;0?@>A =5 @5H5=;mass;>=AC;LB0F8O
rb;2026-02-18 14:20:19;@548B  70;>30;AB0B>: 4>;30;0?@>A =5 @5H5=;mass;>=AC;LB0F8O
rb;2026-02-18 14:20:10;@548B  70;>30;@>G55;0?@>A =5 @5H5=;mass;>=AC;LB0F8O
rb;2026-02-18 14:19:52; Bereke Bank;H81:0 ?@8 2E>45 - @>G55;0?@>A =5 @5H5=, "5E=8G5A:85 ?@>1;5<K/A1>8;mass;@5B5=78O
rb;2026-02-18 14:18:43;@548B  70;>30; - !B0BCA ?>30H5=8O. 5@5?@>25@O5B;0?@>A =5 @5H5=;mass;>=AC;LB0F8O
rb;2026-02-18 14:18:26;@548B  70;>30;@>G55;0?@>A =5 @5H5=;mass;>=AC;LB0F8O
rb;2026-02-18 14:15:51;@548B  70;>30; - !B0BCA ?>30H5=8O. 5@5?@>25@O5B;0?@>A =5 @5H5=;mass;>=AC;LB0F8O
rb;2026-02-18 14:15:35;@548B  70;>30; - !B0BCA ?>30H5=8O. 5@5?@>25@O5B;0?@>A =5 @5H5=;mass;>=AC;LB0F8O
rb;2026-02-18 14:15:23;@548B  70;>30;!B0BCA 70O2:8;0?@>A =5 @5H5=;mass;>=AC;LB0F8O
rb;2026-02-18 14:12:40;@548B  70;>30;@>G55;0?@>A =5 @5H5=;mass;>=AC;LB0F8O
rb;2026-02-18 14:12:25;@548B  70;>30; - !?>A>1K >?;0BK;0?@>A =5 @5H5=, "5E=8G5A:85 ?@>1;5<K/A1>8;mass;>=AC;LB0F8O
rb;2026-02-18 14:12:25;5@52>4K;> =><5@C !'" - #A;>28O;0?@>A =5 @5H5=;mass;>=AC;LB0F8O
rb;2026-02-18 14:12:19;@548B  70;>30; - BA@>G:0;0?@>A =5 @5H5=;mass;>=AC;LB0F8O
rb;2026-02-18 14:11:16;@548B  70;>30;0;>10 =0 !!/72>=>: > ;0?@>A =5 @5H5=;mass;@5B5=78O
rb;2026-02-18 14:10:00;5@52>4K;> =><5@C !'" - H81:0 ?@8 ?5@52>45;"5E=8G5A:85 ?@>1;5<K/A1>8, 0?@>A =5 @5H5=;mass;@5B5=78O
rb;2026-02-18 14:08:19;515B>20O :0@B0;5 ?>ABC?8; 2>72@0B;0?@>A =5 @5H5=, "5E=8G5A:85 ?@>1;5<K/A1>8;mass;>=AC;LB0F8O
rb;2026-02-18 14:07:21;@>4060 70;>3>2>3> 8<CI5AB20;2868<>5 8<CI5AB2> (02B><>18;L);0?@>A =5 @5H5=;mass;>=AC;LB0F8O
rb;2026-02-18 14:05:42;@5<8C< :0@B0;@828;5388 - ?>;CG8BL;0?@>A =5 @5H5=;mass;>=AC;LB0F8O
rb;2026-02-18 14:04:42;5@52>4K;  >AA8N - !B0BCA ?5@52>40;"5E=8G5A:85 ?@>1;5<K/A1>8, 0?@>A =5 @5H5=;mass;>=AC;LB0F8O
rb;2026-02-18 14:03:23;?>B5:0; - 7<5=8BL 40BC;0?@>A =5 @5H5=;mass;>=AC;LB0F8O
rb;2026-02-18 14:00:02;2B>:@548B;@>G55;0?@>A =5 @5H5=;mass;>=AC;LB0F8O
rb;2026-02-18 13:59:24;@548B  70;>30;!C<<0 ?@>A@>G:8;"5E=8G5A:85 ?@>1;5<K/A1>8, 0?@>A =5 @5H5=;mass;>=AC;LB0F8O
rb;2026-02-18 13:59:20;5@52>4K;  >AA8N - #A;>28O;0?@>A =5 @5H5=;mass;>=AC;LB0F8O
rb;2026-02-18 13:58:52;@548B  70;>30;#A;>28O - ABL :@548B;B@8F0B5;L=K9 ?@>4C:B>2K9 D841M:;mass;>=AC;LB0F8O
rb;2026-02-18 13:58:03;@548B  70;>30; - !B0BCA ?>30H5=8O. 5@5?@>25@O5B;"5E=8G5A:85 ?@>1;5<K/A1>8, 0?@>A =5 @5H5=;mass;>=AC;LB0F8O
rb;2026-02-18 13:57:53;515B>20O :0@B0;5 ?>ABC?8; 2>72@0B;0?@>A =5 @5H5=;mass;>=AC;LB0F8O
rb;2026-02-18 13:57:32;515B>20O :0@B0;H81:0 ?@8 >?;0B5 2 8=B5@=5B5;0?@>A =5 @5H5=, "5E=8G5A:85 ?@>1;5<K/A1>8;mass;@5B5=78O
rb;2026-02-18 13:56:47;@548B  70;>30;#A;>28O - 5B :@548B0;0?@>A =5 @5H5=;mass;>=AC;LB0F8O
rb;2026-02-18 13:56:11; Bereke Bank;H81:0 ?@8 2E>45 - @>G55;0?@>A =5 @5H5=, "5E=8G5A:85 ?@>1;5<K/A1>8;mass;@5B5=78O
rb;2026-02-18 13:56:01;5@52>4K;> =><5@C !'" - !B0BCA ?5@52>40;0?@>A =5 @5H5=;mass;>=AC;LB0F8O
rb;2026-02-18 13:55:16;@548B  70;>30; - BA@>G:0;0?@>A =5 @5H5=;mass;>=AC;LB0F8O
rb;2026-02-18 13:54:10;@548B  70;>30; - !B0BCA ?>30H5=8O. 5@5?@>25@O5B;0?@>A =5 @5H5=, "5E=8G5A:85 ?@>1;5<K/A1>8;mass;>=AC;LB0F8O
rb;2026-02-18 13:53:58;515B>20O :0@B0;H81:0 ?@8 >?;0B5 2 8=B5@=5B5;0?@>A =5 @5H5=, "5E=8G5A:85 ?@>1;5<K/A1>8;mass;@5B5=78O
rb;2026-02-18 13:53:09;@548B  70;>30; - !B0BCA ?>30H5=8O. 5@5?@>25@O5B;"5E=8G5A:85 ?@>1;5<K/A1>8, 0?@>A =5 @5H5=;mass;>=AC;LB0F8O
rb;2026-02-18 13:50:47;5@52>4K;SWIFT - Ð£ÑÐ»Ð;0?@>A =5 @5H5=;mass;>=AC;LB0F8O
rb;2026-02-18 13:47:56;@548B  70;>30;H81:0 ?@8 >D>@<;5=88 :@548B0 2 ;"5E=8G5A:85 ?@>1;5<K/A1>8, 0?@>A =5 @5H5=;mass;@5B5=78O
rb;2026-02-18 13:47:10;@548B  70;>30; - 7<5=8BL 40BC;0?@>A =5 @5H5=;mass;>=AC;LB0F8O
rb;2026-02-18 13:45:31;@548B  70;>30;!C<<0 ?@>A@>G:8;0?@>A =5 @5H5=;mass;>=AC;LB0F8O
rb;2026-02-18 13:45:20;5@52>4K;  >AA8N - !?8A>: =5A0=:F8>==KE 10=:>2;0?@>A =5 @5H5=;mass;>=AC;LB0F8O
rb;2026-02-18 13:44:58;@548B  70;>30;!C<<0 ?@>A@>G:8;0?@>A =5 @5H5=;mass;>=AC;LB0F8O
rb;2026-02-18 13:43:42; Bereke Bank;H81:0 ?@8 2E>45 - @>G55;"5E=8G5A:85 ?@>1;5<K/A1>8, 0?@>A =5 @5H5=;mass;@5B5=78O
rb;2026-02-18 13:43:03;?>B5:0;' - #A;>28O;0?@>A =5 @5H5=;mass;>=AC;LB0F8O
rb;2026-02-18 13:42:39;5@52>4K;SWIFT - Ð¡Ñ‚Ð°Ñ‚ÑƒÑ Ð¿;0?@>A =5 @5H5=;mass;>=AC;LB0F8O
rb;2026-02-18 13:41:39;@548B  70;>30;!B0BCA 70O2:8;0?@>A =5 @5H5=;mass;>=AC;LB0F8O
rb;2026-02-18 13:39:27;515B>20O :0@B0;H81:0 ?@8 >?;0B5 2 8=B5@=5B5;"5E=8G5A:85 ?@>1;5<K/A1>8, 0?@>A =5 @5H5=;mass;@5B5=78O
rb;2026-02-18 13:38:57;@548B  70;>30; - !C<<0 8 40B0;0?@>A =5 @5H5=;mass;>=AC;LB0F8O
rb;2026-02-18 13:38:42;5@52>4K;  >AA8N 8 &5=B@0;L=CN 78N - H81:0 ?@8 ?5@52>45;"5E=8G5A:85 ?@>1;5<K/A1>8, 0?@>A =5 @5H5=;mass;@5B5=78O
rb;2026-02-18 13:38:27;5@52>4K;> =><5@C !'" - H81:0 ?@8 ?5@52>45;0?@>A =5 @5H5=;mass;@5B5=78O
rb;2026-02-18 13:37:14;@548B  70;>30;#A;>28O - 5B :@548B0;0?@>A =5 @5H5=;mass;>=AC;LB0F8O
rb;2026-02-18 13:35:57;5?>78B;#A;>28O - ABL 45?>78B;0?@>A =5 @5H5=;mass;>=AC;LB0F8O
rb;2026-02-18 13:34:35;@548B  70;>30; - BA@>G:0;0?@>A =5 @5H5=;mass;>=AC;LB0F8O
rb;2026-02-18 13:33:53;?>B5:0; - !B0BCA ?>30H5=8O. 5@5?@>25@O5B;"5E=8G5A:85 ?@>1;5<K/A1>8;mass;>=AC;LB0F8O
rb;2026-02-18 13:33:42;@548B  70;>30;@>G55;0?@>A =5 @5H5=;mass;>=AC;LB0F8O
rb;2026-02-18 13:33:00;2B>:@548B;!B@0E>2:0 - >72@0B;0?@>A =5 @5H5=;mass;>=AC;LB0F8O
rb;2026-02-18 13:28:58;@548B  70;>30; 5D8=0=A8@>20=85;0?@>A =5 @5H5=, B@8F0B5;L=K9 ?@>4C:B>2K9 D841M:;mass;>=AC;LB0F8O
rb;2026-02-18 13:27:10;@5<8C< :0@B0;#A;>28O 8 ?@828;5388;B@8F0B5;L=K9 ?@>4C:B>2K9 D841M:, 0?@>A =5 @5H5=;mass;>=AC;LB0F8O
rb;2026-02-18 13:26:56; Bereke Bank;5 <>65B ?@>9B8 >=1>@48=3;0?@>A =5 @5H5=;mass;@5B5=78O
rb;2026-02-18 13:26:44;2B>:@548B; - !B0BCA ?>30H5=8O. 5@5?@>25@O5B;0?@>A =5 @5H5=;mass;>=AC;LB0F8O
rb;2026-02-18 13:23:51;@548B  70;>30; - BA@>G:0;0?@>A =5 @5H5=;mass;>=AC;LB0F8O
rb;2026-02-18 13:22:47;@548B  70;>30; - 7<5=8BL 40BC;0?@>A =5 @5H5=;mass;>=AC;LB0F8O
rb;2026-02-18 13:22:29;515B>20O :0@B0;5 ?>ABC?8; 2>72@0B;0?@>A =5 @5H5=;mass;>=AC;LB0F8O
rb;2026-02-18 13:22:22;@548B  70;>30; - !B0BCA ?>30H5=8O. 5 A?8A0;AO 87-70 +%/ ;0?@>A =5 @5H5=;mass;>=AC;LB0F8O
rb;2026-02-18 13:21:01;@5<8C< :0@B0;#A;>28O 8 ?@828;5388;B@8F0B5;L=K9 ?@>4C:B>2K9 D841M:;mass;>=AC;LB0F8O
rb;2026-02-18 13:19:33;@548B  70;>30; - !B0BCA ?>30H5=8O. 5?>=OB> :0: 2=5AB8  2 ;0?@>A =5 @5H5=;mass;>=AC;LB0F8O
rb;2026-02-18 13:18:08;@548B  70;>30;#A;>28O - 5B :@548B0;0?@>A =5 @5H5=;mass;>=AC;LB0F8O
rb;2026-02-18 13:17:16;515B>20O :0@B0;5 ?>ABC?8; 2>72@0B;0?@>A =5 @5H5=;mass;>=AC;LB0F8O
rb;2026-02-18 13:15:08;@548B  70;>30; - BA@>G:0;0?@>A =5 @5H5=;mass;>=AC;LB0F8O
rb;2026-02-18 13:14:22;515B>20O :0@B0;=F845=B;"5E=8G5A:85 ?@>1;5<K/A1>8, 0?@>A =5 @5H5=;mass;@5B5=78O
rb;2026-02-18 13:12:28;5?>78B;#A;>28O - 5B 45?>78B0;"5E=8G5A:85 ?@>1;5<K/A1>8;mass;>=AC;LB0F8O
rb;2026-02-18 13:11:19;5@52>4K;> =><5@C  "+ - H81:0 ?@8 ?5@52>45;0?@>A =5 @5H5=, "5E=8G5A:85 ?@>1;5<K/A1>8;mass;@5B5=78O
rb;2026-02-18 13:10:25;515B>20O :0@B0;5 ?>ABC?8; 2>72@0B;0?@>A =5 @5H5=;mass;>=AC;LB0F8O
rb;2026-02-18 13:09:04; Bereke Bank;H81:8 2 8=B5@D59A5;B@8F0B5;L=K9 ?@>4C:B>2K9 D841M:, 0?@>A =5 @5H5=;mass;@5B5=78O
rb;2026-02-18 13:09:03;@5<8C< :0@B0;#A;>28O 8 ?@828;5388;"5E=8G5A:85 ?@>1;5<K/A1>8, 0?@>A =5 @5H5=;mass;>=AC;LB0F8O
rb;2026-02-18 13:07:56;2B>:@548B;' - #A;>28O;B@8F0B5;L=K9 ?@>4C:B>2K9 D841M:;mass;>=AC;LB0F8O
rb;2026-02-18 13:07:37;5@52>4K;  >AA8N - #A;>28O;B@8F0B5;L=K9 ?@>4C:B>2K9 D841M:;mass;>=AC;LB0F8O
rb;2026-02-18 13:07:24;@548B  70;>30;!B0BCA 70O2:8;0?@>A =5 @5H5=;mass;>=AC;LB0F8O
rb;2026-02-18 13:06:04;@548B  70;>30; - 7<5=8BL 40BC;0?@>A =5 @5H5=, B@8F0B5;L=K9 ?@>4C:B>2K9 D841M:;mass;>=AC;LB0F8O
rb;2026-02-18 13:05:26;@548B  70;>30; - BA@>G:0;0?@>A =5 @5H5=;mass;>=AC;LB0F8O
rb;2026-02-18 13:05:05;5@52>4K;@>G55;"5E=8G5A:85 ?@>1;5<K/A1>8, 0?@>A =5 @5H5=;mass;@5B5=78O
rb;2026-02-18 13:02:56;2B>:@548B;!=OBL >1@5<5=5=85 A 02B><>18;O;0?@>A =5 @5H5=;mass;>=AC;LB0F8O
rb;2026-02-18 13:02:55;@548B  70;>30;H81:0 ?@8 >D>@<;5=88 :@548B0 2 ;0?@>A =5 @5H5=;mass;@5B5=78O
rb;2026-02-18 13:01:46;2B>:@548B;#A;>28O - ABL :@548B;0?@>A =5 @5H5=;mass;>=AC;LB0F8O
rb;2026-02-18 13:01:11; Bereke Bank;H81:0 ?@8 2E>45 - @>G55;0?@>A =5 @5H5=, "5E=8G5A:85 ?@>1;5<K/A1>8;mass;@5B5=78O
rb;2026-02-18 13:00:09;2B>:@548B;0;>10 =0 !!/72>=>: > ;0?@>A =5 @5H5=;mass;@5B5=78O
rb;2026-02-18 12:59:15; Bereke Bank;H81:8 2 8=B5@D59A5;"5E=8G5A:85 ?@>1;5<K/A1>8;mass;@5B5=78O
rb;2026-02-18 12:58:05;@548B  70;>30;!C<<0 ?@>A@>G:8;0?@>A =5 @5H5=;mass;>=AC;LB0F8O
rb;2026-02-18 12:56:57;@548B  70;>30;0;>10 =0 !!/72>=>: > ;0?@>A =5 @5H5=;mass;@5B5=78O
rb;2026-02-18 12:56:45;>O;L=>ABL;#A;>28O ?> 1>=CA0<;B@8F0B5;L=K9 ?@>4C:B>2K9 D841M:;mass;>=AC;LB0F8O
rb;2026-02-18 12:55:32;@548B  70;>30; - !B0BCA ?>30H5=8O. 5@5?@>25@O5B;0?@>A =5 @5H5=;mass;>=AC;LB0F8O
rb;2026-02-18 12:54:58;515B>20O :0@B0;5 ?>ABC?8; 2>72@0B;0?@>A =5 @5H5=;mass;>=AC;LB0F8O
rb;2026-02-18 12:54:34;@548B  70;>30; - 7<5=8BL 40BC;0?@>A =5 @5H5=;mass;>=AC;LB0F8O
rb;2026-02-18 12:54:24;@548B  70;>30;' - #A;>28O;B@8F0B5;L=K9 ?@>4C:B>2K9 D841M:, 0?@>A =5 @5H5=;mass;>=AC;LB0F8O
rb;2026-02-18 12:54:12;2B>:@548B;!=OBL >1@5<5=5=85 A 02B><>18;O;0?@>A =5 @5H5=;mass;>=AC;LB0F8O
rb;2026-02-18 12:53:03;@548B  70;>30;@>G55;0?@>A =5 @5H5=;mass;>=AC;LB0F8O
rb;2026-02-18 12:52:41;2B>:@548B; - !B0BCA ?>30H5=8O. 5?>=OB> :0: 2=5AB8  2 ;"5E=8G5A:85 ?@>1;5<K/A1>8, 0?@>A =5 @5H5=;mass;>=AC;LB0F8O
rb;2026-02-18 12:51:46; Bereke Bank;;>:8@>2:0 - ?> 65;0=8N :;85=B0;0?@>A =5 @5H5=;mass;>=AC;LB0F8O
rb;2026-02-18 12:51:16;@548B  70;>30;H81:0 ?@8 >D>@<;5=88 :@548B0 2 ;0?@>A =5 @5H5=;mass;@5B5=78O
rb;2026-02-18 12:50:46;2B>:@548B;@>G55;0?@>A =5 @5H5=;mass;>=AC;LB0F8O
rb;2026-02-18 12:50:27;@548B  70;>30;H81:0 ?@8 >D>@<;5=88 :@548B0 2 ;0?@>A =5 @5H5=, "5E=8G5A:85 ?@>1;5<K/A1>8;mass;@5B5=78O
rb;2026-02-18 12:50:26;@548B  70;>30;H81:0 ?@8 >D>@<;5=88 :@548B0 2 ;0?@>A =5 @5H5=, "5E=8G5A:85 ?@>1;5<K/A1>8;mass;@5B5=78O
rb;2026-02-18 12:49:10;5?>78B;K?8A:0 ?> AG5BC;0?@>A =5 @5H5=;mass;>=AC;LB0F8O
rb;2026-02-18 12:48:15;2B>:@548B; - !B0BCA ?>30H5=8O. 5 A?8A0;AO 87-70 +%/ ;0?@>A =5 @5H5=;mass;>=AC;LB0F8O
rb;2026-02-18 12:47:27;@548B  70;>30; - !B0BCA ?>30H5=8O. 5@5?@>25@O5B;"5E=8G5A:85 ?@>1;5<K/A1>8, 0?@>A =5 @5H5=;mass;>=AC;LB0F8O
rb;2026-02-18 12:47:17;2B>:@548B;!=OBL >1@5<5=5=85 A 02B><>18;O;"5E=8G5A:85 ?@>1;5<K/A1>8, B@8F0B5;L=K9 ?@>4C:B>2K9 D841M:, 0?@>A =5 @5H5=;mass;>=AC;LB0F8O
rb;2026-02-18 12:46:45;5@52>4K;> =><5@C  "+ - !B0BCA ?5@52>40;0?@>A =5 @5H5=;mass;>=AC;LB0F8O
rb;2026-02-18 12:46:19;5@52>4K;@>G55;0?@>A =5 @5H5=;mass;@5B5=78O
rb;2026-02-18 12:45:32;@548B  70;>30;!B0BCA 70O2:8;0?@>A =5 @5H5=;mass;>=AC;LB0F8O
rb;2026-02-18 12:45:31;@548B  70;>30; - 7<5=8BL 40BC;0?@>A =5 @5H5=;mass;>=AC;LB0F8O
rb;2026-02-18 12:45:31;@548B  70;>30;!B0BCA 70O2:8;"5E=8G5A:85 ?@>1;5<K/A1>8, 0?@>A =5 @5H5=;mass;>=AC;LB0F8O
rb;2026-02-18 12:44:43;@548B  70;>30; - BA@>G:0;0?@>A =5 @5H5=;mass;>=AC;LB0F8O
rb;2026-02-18 12:44:24;@548B  70;>30; - BA@>G:0;0?@>A =5 @5H5=;mass;>=AC;LB0F8O
rb;2026-02-18 12:43:30;@548B  70;>30; - !B0BCA ?>30H5=8O. 5@5?@>25@O5B;0?@>A =5 @5H5=;mass;>=AC;LB0F8O
rb;2026-02-18 12:43:09;5@52>4K;@>G55;"5E=8G5A:85 ?@>1;5<K/A1>8, 0?@>A =5 @5H5=;mass;@5B5=78O
rb;2026-02-18 12:42:40;@548B  70;>30; - !B0BCA ?>30H5=8O. 5@5?@>25@O5B;0?@>A =5 @5H5=;mass;>=AC;LB0F8O
rb;2026-02-18 12:42:12;?>B5:0;' - #A;>28O;0?@>A =5 @5H5=;mass;>=AC;LB0F8O
rb;2026-02-18 12:40:37;5@52>4K;>;>B0O >@>=0 - H81:0 ?@8 ?5@52>45;0?@>A =5 @5H5=, "5E=8G5A:85 ?@>1;5<K/A1>8;mass;@5B5=78O
rb;2026-02-18 12:36:53;@548B  70;>30;@>G55;0?@>A =5 @5H5=;mass;>=AC;LB0F8O
rb;2026-02-18 12:36:20;2B>:@548B;0;>10 =0 !!/72>=>: > ;B@8F0B5;L=K9 ?@>4C:B>2K9 D841M:, 0?@>A =5 @5H5=;mass;@5B5=78O
rb;2026-02-18 12:33:45; Bereke Bank; 071;>:8@>2:0 - ?> 65;0=8N :;85=B0;"5E=8G5A:85 ?@>1;5<K/A1>8;mass;>=AC;LB0F8O
rb;2026-02-18 12:32:25;@548B  70;>30; - 7<5=8BL 40BC;0?@>A =5 @5H5=;mass;>=AC;LB0F8O
rb;2026-02-18 12:30:41;@5<8C< :0@B0;@828;5388 - ?>;CG8BL;0?@>A =5 @5H5=;mass;>=AC;LB0F8O
rb;2026-02-18 12:29:54;@548B  70;>30; - !B0BCA ?>30H5=8O. 5@5?@>25@O5B;0?@>A =5 @5H5=;mass;>=AC;LB0F8O
rb;2026-02-18 12:28:58; Bereke Bank;5 <>65B ?@>9B8 >=1>@48=3;0?@>A =5 @5H5=;mass;@5B5=78O
rb;2026-02-18 12:28:43;2B>:@548B;!=OBL >1@5<5=5=85 A 02B><>18;O;0?@>A =5 @5H5=;mass;>=AC;LB0F8O
rb;2026-02-18 12:28:11;@548B  70;>30;!B@0E>2:0 - >72@0B;0?@>A =5 @5H5=;mass;>=AC;LB0F8O
rb;2026-02-18 12:26:51;5@52>4K;> =><5@C !'" - !B0BCA ?5@52>40;0?@>A =5 @5H5=, "5E=8G5A:85 ?@>1;5<K/A1>8;mass;>=AC;LB0F8O
rb;2026-02-18 12:25:42;@548B  70;>30;0;>10 =0 !!/72>=>: > ;B@8F0B5;L=K9 ?@>4C:B>2K9 D841M:;mass;@5B5=78O
rb;2026-02-18 12:25:10;@5<8C< :0@B0;H81:0 ?@8 ?>;CG5=88 ?@828;5389;0?@>A =5 @5H5=;mass;@5B5=78O
rb;2026-02-18 12:23:28;2B>:@548B;!=OBL >1@5<5=5=85 A 02B><>18;O;0?@>A =5 @5H5=, "5E=8G5A:85 ?@>1;5<K/A1>8;mass;>=AC;LB0F8O
rb;2026-02-18 12:23:25;@548B  70;>30;0;>10 =0 !!/72>=>: > ;0?@>A =5 @5H5=;mass;@5B5=78O
rb;2026-02-18 12:21:44;@548B  70;>30; - BA@>G:0;0?@>A =5 @5H5=;mass;>=AC;LB0F8O
rb;2026-02-18 12:21:18;@548B  70;>30;H81:0 ?@8 >D>@<;5=88 :@548B0 2 ;0?@>A =5 @5H5=, "5E=8G5A:85 ?@>1;5<K/A1>8;mass;@5B5=78O
rb;2026-02-18 12:19:03;@548B  70;>30; - !B0BCA ?>30H5=8O. 5@5?@>25@O5B;0?@>A =5 @5H5=;mass;>=AC;LB0F8O
rb;2026-02-18 12:18:34;@548B  70;>30; - !B0BCA ?>30H5=8O. 5@5?@>25@O5B;0?@>A =5 @5H5=;mass;>=AC;LB0F8O
rb;2026-02-18 12:18:28;5@52>4K;  >AA8N - #A;>28O;0?@>A =5 @5H5=;mass;>=AC;LB0F8O
rb;2026-02-18 12:18:12;515B>20O :0@B0;1=C;5=85 3D Secure, ?8=-:>4, !VV;0?@>A =5 @5H5=, "5E=8G5A:85 ?@>1;5<K/A1>8;mass;>=AC;LB0F8O
rb;2026-02-18 12:17:50;@548B  70;>30;' - #A;>28O;0?@>A =5 @5H5=;mass;>=AC;LB0F8O
rb;2026-02-18 12:15:15;@548B  70;>30;!B0BCA 70O2:8;0?@>A =5 @5H5=;mass;>=AC;LB0F8O
rb;2026-02-18 12:14:42;5@52>4K;@>G55;"5E=8G5A:85 ?@>1;5<K/A1>8;mass;@5B5=78O
rb;2026-02-18 12:13:25;@548B  70;>30;!B0BCA 70O2:8;0?@>A =5 @5H5=;mass;>=AC;LB0F8O
rb;2026-02-18 12:12:54;515B>20O :0@B0;H81:0 ?@8 >?;0B5 2 8=B5@=5B5;0?@>A =5 @5H5=, B@8F0B5;L=K9 ?@>4C:B>2K9 D841M:;mass;@5B5=78O
rb;2026-02-18 12:11:29;2B>:@548B;@>G55;0?@>A =5 @5H5=;mass;>=AC;LB0F8O
rb;2026-02-18 12:11:19;@548B  70;>30;!B0BCA 70O2:8;0?@>A =5 @5H5=;mass;>=AC;LB0F8O
rb;2026-02-18 12:11:14;@548B  70;>30; - !C<<0 8 40B0;0?@>A =5 @5H5=;mass;>=AC;LB0F8O
rb;2026-02-18 12:09:15;?>B5:0;!=OBL >1@5<5=5=85 A =542868<>AB8;0?@>A =5 @5H5=;mass;>=AC;LB0F8O
rb;2026-02-18 12:07:54;@548B  70;>30; - !B0BCA ?>30H5=8O. 5@5?@>25@O5B;0?@>A =5 @5H5=;mass;>=AC;LB0F8O
rb;2026-02-18 12:05:07;?>B5:0;!?@02:0 > AAC4=>9 704>;65==>AB8;0?@>A =5 @5H5=;mass;>=AC;LB0F8O
rb;2026-02-18 12:04:40;@548B  70;>30;' - #A;>28O;B@8F0B5;L=K9 ?@>4C:B>2K9 D841M:;mass;>=AC;LB0F8O
rb;2026-02-18 12:01:59;515B>20O :0@B0;#A;>28O 2K?CA:0 8 >1A;C6820=8O;0?@>A =5 @5H5=, B@8F0B5;L=K9 ?@>4C:B>2K9 D841M:;mass;>=AC;LB0F8O
rb;2026-02-18 12:01:48;@548B  70;>30; - !?>A>1K >?;0BK;0?@>A =5 @5H5=;mass;>=AC;LB0F8O
rb;2026-02-18 12:01:38;?>B5:0; - !B0BCA ?>30H5=8O. 5@5?@>25@O5B;"5E=8G5A:85 ?@>1;5<K/A1>8, 0?@>A =5 @5H5=;mass;>=AC;LB0F8O
rb;2026-02-18 11:59:51;@548B  70;>30; - !B0BCA ?>30H5=8O. 5@5?@>25@O5B;0?@>A =5 @5H5=;mass;>=AC;LB0F8O
rb;2026-02-18 11:59:36;@548B  70;>30; - BA@>G:0;0?@>A =5 @5H5=;mass;>=AC;LB0F8O
rb;2026-02-18 11:59:14;@548B  70;>30; - 7<5=8BL 40BC;B@8F0B5;L=K9 ?@>4C:B>2K9 D841M:, 0?@>A =5 @5H5=;mass;>=AC;LB0F8O
rb;2026-02-18 11:59:09;@548B  70;>30; - BA@>G:0;0?@>A =5 @5H5=;mass;>=AC;LB0F8O
rb;2026-02-18 11:57:39;@548B  70;>30;@>G55;0?@>A =5 @5H5=;mass;>=AC;LB0F8O
rb;2026-02-18 11:57:37;@548B  70;>30;@>G55;0?@>A =5 @5H5=;mass;>=AC;LB0F8O
rb;2026-02-18 11:56:41;@548B  70;>30; - !B0BCA ?>30H5=8O. 5@5?@>25@O5B;0?@>A =5 @5H5=;mass;>=AC;LB0F8O
rb;2026-02-18 11:55:36; Bereke Bank;H81:0 ?@8 2E>45 - @>G55;0?@>A =5 @5H5=, 0?@>A =5 @5H5=, "5E=8G5A:85 ?@>1;5<K/A1>8;mass;@5B5=78O
rb;2026-02-18 11:53:38; Bereke Bank;5 <>65B ?@>9B8 >=1>@48=3;0?@>A =5 @5H5=;mass;@5B5=78O
rb;2026-02-18 11:52:17;@548B  70;>30; - BA@>G:0;0?@>A =5 @5H5=;mass;>=AC;LB0F8O
rb;2026-02-18 11:50:51;@548B  70;>30;0;>10 =0 !!/72>=>: > ;0?@>A =5 @5H5=;mass;@5B5=78O
rb;2026-02-18 11:50:05; Bereke Bank;H81:0 ?@8 2E>45 - @>G55;0?@>A =5 @5H5=, "5E=8G5A:85 ?@>1;5<K/A1>8;mass;@5B5=78O
rb;2026-02-18 11:49:28;2B>:@548B;AB0B>: 4>;30;0?@>A =5 @5H5=;mass;>=AC;LB0F8O
rb;2026-02-18 11:49:23;@548B  70;>30; - BA@>G:0;0?@>A =5 @5H5=;mass;>=AC;LB0F8O
rb;2026-02-18 11:48:34;@548B  70;>30; - BA@>G:0;0?@>A =5 @5H5=;mass;>=AC;LB0F8O
rb;2026-02-18 11:48:29;2B>:@548B; - !B0BCA ?>30H5=8O. 5@5?@>25@O5B;"5E=8G5A:85 ?@>1;5<K/A1>8, 0?@>A =5 @5H5=;mass;>=AC;LB0F8O
rb;2026-02-18 11:47:00;@548B  70;>30;!B0BCA 70O2:8;0?@>A =5 @5H5=;mass;>=AC;LB0F8O
rb;2026-02-18 11:46:51;2B>:@548B;BA@>G:0 '!;0?@>A =5 @5H5=;mass;>=AC;LB0F8O
rb;2026-02-18 11:44:02;>O;L=>ABL;5 ?>ABC?8;8 1>=CAK;0?@>A =5 @5H5=;mass;@5B5=78O
rb;2026-02-18 11:42:28;5?>78B;#A;>28O - ABL 45?>78B;B@8F0B5;L=K9 ?@>4C:B>2K9 D841M:;mass;>=AC;LB0F8O
rb;2026-02-18 11:40:37;@548B  70;>30; - !B0BCA ?>30H5=8O. 5@5?@>25@O5B;0?@>A =5 @5H5=;mass;>=AC;LB0F8O
rb;2026-02-18 11:40:17;5@52>4K;SWIFT - ÐžÑˆÐ¸Ð±ÐºÐ° Ð¿Ñ€Ð¸;"5E=8G5A:85 ?@>1;5<K/A1>8, "5E=8G5A:85 ?@>1;5<K/A1>8, 0?@>A =5 @5H5=;mass;@5B5=78O
rb;2026-02-18 11:39:53;@548B  70;>30; - #A;>28O;0?@>A =5 @5H5=;mass;>=AC;LB0F8O
rb;2026-02-18 11:39:33;2B>:@548B;!=OBL >1@5<5=5=85 A 02B><>18;O;B@8F0B5;L=K9 ?@>4C:B>2K9 D841M:;mass;>=AC;LB0F8O
rb;2026-02-18 11:39:14;@548B  70;>30; - !?>A>1K >?;0BK (>3@0=8G5=8O);0?@>A =5 @5H5=;mass;>=AC;LB0F8O
rb;2026-02-18 11:36:24;2B>:@548B; - !?>A>1K >?;0BK (>3@0=8G5=8O);0?@>A =5 @5H5=;mass;>=AC;LB0F8O
rb;2026-02-18 11:36:01;@548B  70;>30; - !C<<0 8 40B0;0?@>A =5 @5H5=;mass;>=AC;LB0F8O
rb;2026-02-18 11:35:37;@548B  70;>30;!C<<0 ?@>A@>G:8;0?@>A =5 @5H5=;mass;>=AC;LB0F8O
rb;2026-02-18 11:35:33;?>B5:0;@>G55;0?@>A =5 @5H5=;mass;>=AC;LB0F8O
rb;2026-02-18 11:35:19;@548B  70;>30; - !B0BCA ?>30H5=8O. 5 A?8A0;AO 87-70 +%/ ;0?@>A =5 @5H5=;mass;>=AC;LB0F8O
rb;2026-02-18 11:35:14;@548B  70;>30; - !B0BCA ?>30H5=8O. 5@5?@>25@O5B;0?@>A =5 @5H5=;mass;>=AC;LB0F8O
rb;2026-02-18 11:34:55;515B>20O :0@B0;1=C;5=85 3D Secure, ?8=-:>4, !VV;0?@>A =5 @5H5=;mass;>=AC;LB0F8O
rb;2026-02-18 11:34:15;@548B  70;>30;#A;>28O - ABL :@548B;B@8F0B5;L=K9 ?@>4C:B>2K9 D841M:, 0?@>A =5 @5H5=;mass;>=AC;LB0F8O
rb;2026-02-18 11:33:06;@548B  70;>30; - !B0BCA ?>30H5=8O. 5@5?@>25@O5B;0?@>A =5 @5H5=;mass;>=AC;LB0F8O
rb;2026-02-18 11:28:53;5?>78B;H81:0 ?@8 >B:@KB88;"5E=8G5A:85 ?@>1;5<K/A1>8, 0?@>A =5 @5H5=;mass;@5B5=78O
rb;2026-02-18 11:26:46;?>B5:0; - BA@>G:0;0?@>A =5 @5H5=;mass;>=AC;LB0F8O
rb;2026-02-18 11:25:17;@548B  70;>30;@>G55;0?@>A =5 @5H5=;mass;>=AC;LB0F8O
rb;2026-02-18 11:25:07;5@52>4K;> =><5@C "$ - #A;>28O;0?@>A =5 @5H5=;mass;>=AC;LB0F8O
rb;2026-02-18 11:24:25;@548B  70;>30; - !B0BCA ?>30H5=8O. 5@5?@>25@O5B;B@8F0B5;L=K9 ?@>4C:B>2K9 D841M:, 0?@>A =5 @5H5=;mass;>=AC;LB0F8O
rb;2026-02-18 11:24:00;@548B  70;>30; - !B0BCA ?>30H5=8O. 5@5?@>25@O5B;0?@>A =5 @5H5=;mass;>=AC;LB0F8O
rb;2026-02-18 11:22:24;@548B  70;>30;!B0BCA 70O2:8;0?@>A =5 @5H5=;mass;>=AC;LB0F8O
rb;2026-02-18 11:21:48;@548B  70;>30; - !B0BCA ?>30H5=8O. 5@5?@>25@O5B;0?@>A =5 @5H5=;mass;>=AC;LB0F8O
rb;2026-02-18 11:20:50;@548B  70;>30; - !B0BCA ?>30H5=8O. 5?>=OB> :0: 2=5AB8  2 ;0?@>A =5 @5H5=;mass;>=AC;LB0F8O
rb;2026-02-18 11:19:48;5?>78B;0:@KBL;0?@>A =5 @5H5=;mass;>=AC;LB0F8O
rb;2026-02-18 11:18:24;5@52>4K;> =><5@C  "+ - H81:0 ?@8 ?5@52>45;"5E=8G5A:85 ?@>1;5<K/A1>8, 0?@>A =5 @5H5=;mass;@5B5=78O
rb;2026-02-18 11:18:02;@548B  70;>30; - !B0BCA ?>30H5=8O. 5 A?8A0;AO 87-70 +%/ ;0?@>A =5 @5H5=;mass;>=AC;LB0F8O
rb;2026-02-18 11:17:46;@548B  70;>30;0;>10 =0 !!/72>=>: > ;0?@>A =5 @5H5=;mass;@5B5=78O
rb;2026-02-18 11:17:22;@548B  70;>30; - BA@>G:0;0?@>A =5 @5H5=;mass;>=AC;LB0F8O
rb;2026-02-18 11:14:56;@5<8C< :0@B0;#A;>28O 8 ?@828;5388;"5E=8G5A:85 ?@>1;5<K/A1>8;mass;>=AC;LB0F8O
rb;2026-02-18 11:14:10;@548B  70;>30;!B@0E>2:0 - >72@0B;0?@>A =5 @5H5=;mass;>=AC;LB0F8O
rb;2026-02-18 11:13:25;@548B  70;>30; - !?>A>1K >?;0BK (>3@0=8G5=8O);B@8F0B5;L=K9 ?@>4C:B>2K9 D841M:, 0?@>A =5 @5H5=;mass;>=AC;LB0F8O
rb;2026-02-18 11:12:40;@5<8C< :0@B0;#A;>28O 8 ?@828;5388;0?@>A =5 @5H5=, B@8F0B5;L=K9 ?@>4C:B>2K9 D841M:;mass;>=AC;LB0F8O
rb;2026-02-18 11:12:35;@548B  70;>30;:F8O;0?@>A =5 @5H5=;mass;>=AC;LB0F8O
rb;2026-02-18 11:11:50;@548B  70;>30; - BA@>G:0;0?@>A =5 @5H5=;mass;>=AC;LB0F8O
rb;2026-02-18 11:09:59;@548B  70;>30; - 7<5=8BL 40BC;0?@>A =5 @5H5=;mass;>=AC;LB0F8O
rb;2026-02-18 11:09:39;@548B  70;>30; - !B0BCA ?>30H5=8O. 5@5?@>25@O5B;0?@>A =5 @5H5=;mass;>=AC;LB0F8O
rb;2026-02-18 11:09:18;@548B  70;>30;#A;>28O - 5B :@548B0;0?@>A =5 @5H5=;mass;>=AC;LB0F8O
rb;2026-02-18 11:09:13;@548B  70;>30;' - #A;>28O;B@8F0B5;L=K9 ?@>4C:B>2K9 D841M:, 0?@>A =5 @5H5=;mass;>=AC;LB0F8O
rb;2026-02-18 11:08:52;@548B  70;>30;!?@02:0 > AAC4=>9 704>;65==>AB8;0?@>A =5 @5H5=;mass;>=AC;LB0F8O
rb;2026-02-18 11:08:27;@548B  70;>30; - 7<5=8BL 40BC;0?@>A =5 @5H5=;mass;>=AC;LB0F8O
rb;2026-02-18 11:07:44; Bereke Bank;H81:0 ?@8 2E>45 - @>G55;0?@>A =5 @5H5=;mass;@5B5=78O
rb;2026-02-18 11:07:26; Bereke Bank;H81:0 ?@8 @538AB@0F88;0?@>A =5 @5H5=;mass;@5B5=78O
rb;2026-02-18 11:06:35;2B>:@548B;@>G55;0?@>A =5 @5H5=;mass;>=AC;LB0F8O
rb;2026-02-18 11:06:29;@548B  70;>30; - !B0BCA ?>30H5=8O. 5@5?@>25@O5B;B@8F0B5;L=K9 ?@>4C:B>2K9 D841M:;mass;>=AC;LB0F8O
rb;2026-02-18 11:05:44;2B>:@548B;' - #A;>28O;0?@>A =5 @5H5=;mass;>=AC;LB0F8O
rb;2026-02-18 11:05:30;@548B  70;>30; - 7<5=8BL 40BC;0?@>A =5 @5H5=;mass;>=AC;LB0F8O
rb;2026-02-18 11:00:15;@548B  70;>30; - BA@>G:0;0?@>A =5 @5H5=;mass;>=AC;LB0F8O
rb;2026-02-18 10:59:55; Bereke Bank;028A05B ?@8;>65=85;0?@>A =5 @5H5=, "5E=8G5A:85 ?@>1;5<K/A1>8;mass;@5B5=78O
rb;2026-02-18 10:59:53;?>B5:0;!=OBL >1@5<5=5=85 A =542868<>AB8;0?@>A =5 @5H5=;mass;>=AC;LB0F8O
rb;2026-02-18 10:59:31;?>B5:0;!B@0E>2:0 - >72@0B;0?@>A =5 @5H5=;mass;>=AC;LB0F8O
rb;2026-02-18 10:58:18;?>B5:0;!=OBL >1@5<5=5=85 A =542868<>AB8;0?@>A =5 @5H5=;mass;>=AC;LB0F8O
rb;2026-02-18 10:58:11;5@52>4K;  >AA8N - #A;>28O;0?@>A =5 @5H5=;mass;>=AC;LB0F8O
rb;2026-02-18 10:58:07; Bereke Bank;H81:8 2 8=B5@D59A5;0?@>A =5 @5H5=, "5E=8G5A:85 ?@>1;5<K/A1>8;mass;@5B5=78O
rb;2026-02-18 10:57:44;515B>20O :0@B0;#A;>28O 2K?CA:0 8 >1A;C6820=8O;0?@>A =5 @5H5=, B@8F0B5;L=K9 ?@>4C:B>2K9 D841M:;mass;>=AC;LB0F8O
rb;2026-02-18 10:57:36;5@52>4K;> =><5@C  "+ - #A;>28O;0?@>A =5 @5H5=;mass;>=AC;LB0F8O
rb;2026-02-18 10:56:41;515B>20O :0@B0;5 ?>ABC?8; 2>72@0B;"5E=8G5A:85 ?@>1;5<K/A1>8, 0?@>A =5 @5H5=;mass;>=AC;LB0F8O
rb;2026-02-18 10:55:47;@548B  70;>30;@>G55;B@8F0B5;L=K9 ?@>4C:B>2K9 D841M:, 0?@>A =5 @5H5=, #3@>70 CE>40/>B:070 >B ?@>4C:B>2 10=:0;mass;>=AC;LB0F8O
rb;2026-02-18 10:55:39;2B>:@548B; - !B0BCA ?>30H5=8O. 5@5?@>25@O5B;0?@>A =5 @5H5=;mass;>=AC;LB0F8O
rb;2026-02-18 10:55:16;>O;L=>ABL;=F845=B;0?@>A =5 @5H5=;mass;@5B5=78O
rb;2026-02-18 10:54:11;?>B5:0;0;>10 =0 !!/72>=>: > ;B@8F0B5;L=K9 ?@>4C:B>2K9 D841M:, 0?@>A =5 @5H5=;mass;@5B5=78O
rb;2026-02-18 10:53:39;5@52>4K;> =><5@C !'" - H81:0 ?@8 ?5@52>45;0?@>A =5 @5H5=;mass;@5B5=78O
rb;2026-02-18 10:51:52;@548B  70;>30;!B0BCA 70O2:8;0?@>A =5 @5H5=;mass;>=AC;LB0F8O
rb;2026-02-18 10:48:10;@548B  70;>30;H81:0 ?@8 >?;0B5  2 ATM;0?@>A =5 @5H5=, "5E=8G5A:85 ?@>1;5<K/A1>8;mass;@5B5=78O
rb;2026-02-18 10:46:52;2B>:@548B; - #A;>28O;0?@>A =5 @5H5=;mass;>=AC;LB0F8O
rb;2026-02-18 10:45:22;2B>:@548B;!=OBL >1@5<5=5=85 A 02B><>18;O;0?@>A =5 @5H5=;mass;>=AC;LB0F8O
rb;2026-02-18 10:45:02;@548B  70;>30; - 7<5=8BL 40BC;0?@>A =5 @5H5=;mass;>=AC;LB0F8O
rb;2026-02-18 10:43:35;5@52>4K;@>G55;0?@>A =5 @5H5=;mass;@5B5=78O
rb;2026-02-18 10:43:11;5@52>4K;> =><5@C !'" - H81:0 ?@8 ?5@52>45;0?@>A =5 @5H5=;mass;@5B5=78O
rb;2026-02-18 10:41:12;@548B  70;>30;#A;>28O - 5B :@548B0;0?@>A =5 @5H5=, "5E=8G5A:85 ?@>1;5<K/A1>8;mass;>=AC;LB0F8O
rb;2026-02-18 10:40:46;@548B  70;>30; - BA@>G:0;0?@>A =5 @5H5=;mass;>=AC;LB0F8O
rb;2026-02-18 10:39:33;@548B  70;>30; - !B0BCA ?>30H5=8O. 5@5?@>25@O5B;0?@>A =5 @5H5=;mass;>=AC;LB0F8O
rb;2026-02-18 10:38:30;@548B  70;>30; - !?>A>1K >?;0BK (>3@0=8G5=8O);0?@>A =5 @5H5=;mass;>=AC;LB0F8O
rb;2026-02-18 10:38:14;@548B  70;>30; - !B0BCA ?>30H5=8O. 5?>=OB> :0: 2=5AB8  2 ;B@8F0B5;L=K9 ?@>4C:B>2K9 D841M:;mass;>=AC;LB0F8O
rb;2026-02-18 10:37:58;5?>78B;B:@KBL;0?@>A =5 @5H5=;mass;>=AC;LB0F8O
rb;2026-02-18 10:37:06;@548B  70;>3;@>G55;0?@>A =5 @5H5=;mass;>=AC;LB0F8O
rb;2026-02-18 10:36:40;@548B  70;>30; - !B0BCA ?>30H5=8O. 5@5?@>25@O5B;B@8F0B5;L=K9 ?@>4C:B>2K9 D841M:, 0?@>A =5 @5H5=;mass;>=AC;LB0F8O
rb;2026-02-18 10:35:27;@548B  70;>30;0;>10 =0 !!/72>=>: > ;0?@>A =5 @5H5=;mass;@5B5=78O
rb;2026-02-18 10:34:31;2B>:@548B;!=OBL >1@5<5=5=85 A 02B><>18;O;"5E=8G5A:85 ?@>1;5<K/A1>8, 0?@>A =5 @5H5=;mass;>=AC;LB0F8O
rb;2026-02-18 10:34:14; Bereke Bank;H81:0 ?@8 @538AB@0F88;"5E=8G5A:85 ?@>1;5<K/A1>8, 0?@>A =5 @5H5=;mass;@5B5=78O
rb;2026-02-18 10:32:22;2B>:@548B;!=OBL >1@5<5=5=85 A 02B><>18;O;"5E=8G5A:85 ?@>1;5<K/A1>8, 0?@>A =5 @5H5=;mass;>=AC;LB0F8O
rb;2026-02-18 10:31:00;@548B  70;>30;@>G55;"5E=8G5A:85 ?@>1;5<K/A1>8, 0?@>A =5 @5H5=;mass;>=AC;LB0F8O
rb;2026-02-18 10:30:36;5?>78B;@>G55;B@8F0B5;L=K9 ?@>4C:B>2K9 D841M:;mass;>=AC;LB0F8O
rb;2026-02-18 10:30:20;@548B  70;>30; - !B0BCA ?>30H5=8O. 5@5?@>25@O5B;0?@>A =5 @5H5=;mass;>=AC;LB0F8O
rb;2026-02-18 10:28:47;515B>20O :0@B0;>?@>AK ?> AB0@K< :0@B0< !15@10=:0;0?@>A =5 @5H5=, "5E=8G5A:85 ?@>1;5<K/A1>8;mass;>=AC;LB0F8O
rb;2026-02-18 10:28:41;@548B  70;>30;H81:0 ?@8 >?;0B5  2 ATM;0?@>A =5 @5H5=, "5E=8G5A:85 ?@>1;5<K/A1>8;mass;@5B5=78O
rb;2026-02-18 10:28:23;5?>78B;B:@KBL;0?@>A =5 @5H5=;mass;>=AC;LB0F8O
rb;2026-02-18 10:25:58;@548B  70;>30; - !C<<0 8 40B0;B@8F0B5;L=K9 ?@>4C:B>2K9 D841M:, 0?@>A =5 @5H5=;mass;>=AC;LB0F8O
rb;2026-02-18 10:25:32;@548B  70;>30; - BA@>G:0;0?@>A =5 @5H5=;mass;>=AC;LB0F8O
rb;2026-02-18 10:24:17;@548B  70;>30;!B0BCA 70O2:8;0?@>A =5 @5H5=;mass;>=AC;LB0F8O
rb;2026-02-18 10:23:35;5?>78B;0:@KBL;0?@>A =5 @5H5=, B@8F0B5;L=K9 ?@>4C:B>2K9 D841M:;mass;>=AC;LB0F8O
rb;2026-02-18 10:23:21;2B>:@548B;@>G55;0?@>A =5 @5H5=;mass;>=AC;LB0F8O
rb;2026-02-18 10:22:32;@548B  70;>30;@>G55;"5E=8G5A:85 ?@>1;5<K/A1>8, 0?@>A =5 @5H5=;mass;>=AC;LB0F8O
rb;2026-02-18 10:21:40;?>B5:0;#A;>28O - 5B :@548B0;B@8F0B5;L=K9 ?@>4C:B>2K9 D841M:, 0?@>A =5 @5H5=;mass;>=AC;LB0F8O
rb;2026-02-18 10:20:26;@548B  70;>30; - !B0BCA ?>30H5=8O. 5?>=OB> :0: 2=5AB8  2 ;"5E=8G5A:85 ?@>1;5<K/A1>8, 0?@>A =5 @5H5=;mass;>=AC;LB0F8O
rb;2026-02-18 10:20:25;@548B  70;>30;!B0BCA 70O2:8;0?@>A =5 @5H5=, "5E=8G5A:85 ?@>1;5<K/A1>8;mass;>=AC;LB0F8O
rb;2026-02-18 10:20:08;5@52>4K;> =><5@C "$ - H81:0 ?@8 ?5@52>45;0?@>A =5 @5H5=;mass;@5B5=78O
rb;2026-02-18 10:20:08;@548B  70;>30; - BA@>G:0;B@8F0B5;L=K9 ?@>4C:B>2K9 D841M:, 0?@>A =5 @5H5=;mass;>=AC;LB0F8O
rb;2026-02-18 10:17:48;515B>20O :0@B0;@>G55;0?@>A =5 @5H5=;mass;>=AC;LB0F8O
rb;2026-02-18 10:16:53;5@52>4K;> =><5@C  "+ - H81:0 ?@8 ?5@52>45;0?@>A =5 @5H5=, "5E=8G5A:85 ?@>1;5<K/A1>8;mass;@5B5=78O
rb;2026-02-18 10:14:59;@548B  70;>30; - !B0BCA ?>30H5=8O. 5@5?@>25@O5B;0?@>A =5 @5H5=, "5E=8G5A:85 ?@>1;5<K/A1>8;mass;>=AC;LB0F8O
rb;2026-02-18 10:13:24;@548B  70;>30; - !B0BCA ?>30H5=8O. 5@5?@>25@O5B;0?@>A =5 @5H5=;mass;>=AC;LB0F8O
rb;2026-02-18 10:12:42; Bereke Bank;028A05B ?@8;>65=85;"5E=8G5A:85 ?@>1;5<K/A1>8, 0?@>A =5 @5H5=;mass;@5B5=78O
rb;2026-02-18 10:10:43;@548B  70;>30;0;>10 =0 !!/72>=>: > ;0?@>A =5 @5H5=;mass;@5B5=78O
rb;2026-02-18 10:09:27;@548B  70;>30;AB0B>: 4>;30;0?@>A =5 @5H5=;mass;>=AC;LB0F8O
rb;2026-02-18 10:07:55;@548B  70;>30;0;>10 =0 !!/72>=>: > ;0?@>A =5 @5H5=, B@8F0B5;L=K9 ?@>4C:B>2K9 D841M:;mass;@5B5=78O
rb;2026-02-18 10:07:23;2B>:@548B; - BA@>G:0;B@8F0B5;L=K9 ?@>4C:B>2K9 D841M:, 0?@>A =5 @5H5=;mass;>=AC;LB0F8O
rb;2026-02-18 10:05:38;@548B  70;>30;@>G55;0?@>A =5 @5H5=;mass;>=AC;LB0F8O
rb;2026-02-18 10:04:07;5@52>4K;> =><5@C !'" - H81:0 ?@8 ?5@52>45;0?@>A =5 @5H5=;mass;@5B5=78O
rb;2026-02-18 10:04:01;@548B  70;>30; - BA@>G:0;0?@>A =5 @5H5=;mass;>=AC;LB0F8O
rb;2026-02-18 10:03:42;@548B  70;>30; - BA@>G:0;0?@>A =5 @5H5=;mass;>=AC;LB0F8O
rb;2026-02-18 10:00:23;5@52>4K;@>G55;0?@>A =5 @5H5=;mass;@5B5=78O
rb;2026-02-18 09:59:07;@548B  70;>30; - 7<5=8BL 40BC;0?@>A =5 @5H5=;mass;>=AC;LB0F8O
rb;2026-02-18 09:58:47;2B>:@548B;#A;>28O - ABL :@548B;0?@>A =5 @5H5=;mass;>=AC;LB0F8O
rb;2026-02-18 09:57:16;@548B  70;>30;0;>10 =0 !!/72>=>: > ;0?@>A =5 @5H5=;mass;@5B5=78O
rb;2026-02-18 09:56:26;@548B  70;>30;0;>10 =0 !!/72>=>: > ;0?@>A =5 @5H5=;mass;@5B5=78O
rb;2026-02-18 09:55:49;@548B  70;>30; - !?>A>1K >?;0BK;0?@>A =5 @5H5=;mass;>=AC;LB0F8O
rb;2026-02-18 09:55:08;2B>:@548B;!B@0E>2:0 - !B@0E>2>9 A;CG09;0?@>A =5 @5H5=;mass;>=AC;LB0F8O
rb;2026-02-18 09:53:46;@548B  70;>30; - !B0BCA ?>30H5=8O. 5@5?@>25@O5B;0?@>A =5 @5H5=;mass;>=AC;LB0F8O
rb;2026-02-18 09:52:42;@548B  70;>30; - !?>A>1K >?;0BK (>3@0=8G5=8O);0?@>A =5 @5H5=;mass;>=AC;LB0F8O
rb;2026-02-18 09:52:38;?>B5:0; - !B0BCA ?>30H5=8O. 5@5?@>25@O5B;0?@>A =5 @5H5=;mass;>=AC;LB0F8O
rb;2026-02-18 09:52:13;@548B  70;>30;@>G55;0?@>A =5 @5H5=;mass;>=AC;LB0F8O
rb;2026-02-18 09:50:23; Bereke Bank;H81:0 ?@8 @538AB@0F88;0?@>A =5 @5H5=, "5E=8G5A:85 ?@>1;5<K/A1>8;mass;@5B5=78O
rb;2026-02-18 09:50:18;2B>:@548B;!B0BCA 70O2:8;0?@>A =5 @5H5=, "5E=8G5A:85 ?@>1;5<K/A1>8;mass;>=AC;LB0F8O
rb;2026-02-18 09:48:39;2B>:@548B;!=OBL >1@5<5=5=85 A 02B><>18;O;0?@>A =5 @5H5=;mass;>=AC;LB0F8O
rb;2026-02-18 09:48:26;5@52>4K;@>G55;"5E=8G5A:85 ?@>1;5<K/A1>8, 0?@>A =5 @5H5=;mass;@5B5=78O
rb;2026-02-18 09:47:38; Bereke Bank;H81:0 ?@8 2E>45 - @>G55;"5E=8G5A:85 ?@>1;5<K/A1>8, 0?@>A =5 @5H5=;mass;@5B5=78O
rb;2026-02-18 09:47:05;2B>:@548B;!B0BCA 70O2:8;0?@>A =5 @5H5=;mass;>=AC;LB0F8O
rb;2026-02-18 09:46:10;@548B  70;>30; - #A;>28O;0?@>A =5 @5H5=;mass;>=AC;LB0F8O
rb;2026-02-18 09:45:47;@5<8C< :0@B0;#A;>28O 8 ?@828;5388;0?@>A =5 @5H5=;mass;>=AC;LB0F8O
rb;2026-02-18 09:45:23;@548B  70;>30; - !C<<0 8 40B0;0?@>A =5 @5H5=;mass;>=AC;LB0F8O
rb;2026-02-18 09:44:31;@548B  70;>30; - 7<5=8BL 40BC;0?@>A =5 @5H5=;mass;>=AC;LB0F8O
rb;2026-02-18 09:44:21;@548B  70;>30; - !C<<0 8 40B0;B@8F0B5;L=K9 ?@>4C:B>2K9 D841M:;mass;>=AC;LB0F8O
rb;2026-02-18 09:44:21;@548B  70;>30; - BA@>G:0;0?@>A =5 @5H5=;mass;>=AC;LB0F8O
rb;2026-02-18 09:43:07;@548B  70;>30; - BA@>G:0;0?@>A =5 @5H5=;mass;>=AC;LB0F8O
rb;2026-02-18 09:42:25;2B>:@548B; - #A;>28O;0?@>A =5 @5H5=, B@8F0B5;L=K9 ?@>4C:B>2K9 D841M:;mass;>=AC;LB0F8O
rb;2026-02-18 09:41:55;@548B  70;>30;!C<<0 ?@>A@>G:8;0?@>A =5 @5H5=;mass;>=AC;LB0F8O
rb;2026-02-18 09:40:55;@548B  70;>30; 5D8=0=A8@>20=85;0?@>A =5 @5H5=;mass;>=AC;LB0F8O
rb;2026-02-18 09:40:04;5@52>4K;  >AA8N - !?8A>: =5A0=:F8>==KE 10=:>2;0?@>A =5 @5H5=;mass;>=AC;LB0F8O
rb;2026-02-18 09:39:48;5@52>4K;> =><5@C  "+ - H81:0 ?@8 ?5@52>45;"5E=8G5A:85 ?@>1;5<K/A1>8, 0?@>A =5 @5H5=;mass;@5B5=78O
rb;2026-02-18 09:39:27; Bereke Bank; 071;>:8@>2:0 - ?> 65;0=8N :;85=B0;0?@>A =5 @5H5=;mass;>=AC;LB0F8O
rb;2026-02-18 09:37:12;@548B  70;>30; - !B0BCA ?>30H5=8O. 5@5?@>25@O5B;0?@>A =5 @5H5=, "5E=8G5A:85 ?@>1;5<K/A1>8;mass;>=AC;LB0F8O
rb;2026-02-18 09:36:49;@548B  70;>30; - !B0BCA ?>30H5=8O. 5@5?@>25@O5B;0?@>A =5 @5H5=, B@8F0B5;L=K9 ?@>4C:B>2K9 D841M:;mass;>=AC;LB0F8O
rb;2026-02-18 09:35:20;@548B  70;>30;AB0B>: 4>;30;B@8F0B5;L=K9 ?@>4C:B>2K9 D841M:;mass;>=AC;LB0F8O
rb;2026-02-18 09:32:43;@548B  70;>30;0;>10 =0 !!/72>=>: > ;0?@>A =5 @5H5=, "5E=8G5A:85 ?@>1;5<K/A1>8;mass;@5B5=78O
rb;2026-02-18 09:32:15;>O;L=>ABL;#A;>28O ?> 1>=CA0<;0?@>A =5 @5H5=;mass;>=AC;LB0F8O
rb;2026-02-18 09:29:06;@548B  70;>30; - !B0BCA ?>30H5=8O. 5?>=OB> :0: 2=5AB8  2 ;0?@>A =5 @5H5=;mass;>=AC;LB0F8O
rb;2026-02-18 09:28:14;@548B  70;>30;0;>10 =0 !!/72>=>: > ;0?@>A =5 @5H5=, B@8F0B5;L=K9 ?@>4C:B>2K9 D841M:;mass;@5B5=78O
rb;2026-02-18 09:27:45;@548B  70;>30;BA@>G:0 '!;0?@>A =5 @5H5=;mass;>=AC;LB0F8O
rb;2026-02-18 09:23:13;2B>:@548B; - !?>A>1K >?;0BK (>3@0=8G5=8O);0?@>A =5 @5H5=;mass;>=AC;LB0F8O
rb;2026-02-18 09:21:12;5?>78B;K?8A:0 ?> AG5BC;0?@>A =5 @5H5=, B@8F0B5;L=K9 ?@>4C:B>2K9 D841M:;mass;>=AC;LB0F8O
rb;2026-02-18 09:20:52;5@52>4K;> =><5@C !'" - !B0BCA ?5@52>40;0?@>A =5 @5H5=;mass;>=AC;LB0F8O
rb;2026-02-18 09:19:23;5@52>4K;> =><5@C !'" - #A;>28O;0?@>A =5 @5H5=, "5E=8G5A:85 ?@>1;5<K/A1>8;mass;>=AC;LB0F8O
rb;2026-02-18 09:18:06;@548B  70;>30;' - #A;>28O;0?@>A =5 @5H5=;mass;>=AC;LB0F8O
rb;2026-02-18 09:17:46;5@52>4K;  >AA8N - !?8A>: =5A0=:F8>==KE 10=:>2;"5E=8G5A:85 ?@>1;5<K/A1>8, 0?@>A =5 @5H5=;mass;>=AC;LB0F8O
rb;2026-02-18 09:16:52;@548B  70;>30;!B0BCA 70O2:8;0?@>A =5 @5H5=;mass;>=AC;LB0F8O
rb;2026-02-18 09:15:26;@548B  70;>30;0;>10 =0 !!/72>=>: > ;0?@>A =5 @5H5=;mass;@5B5=78O
rb;2026-02-18 09:14:15;5@52>4K;> =><5@C !'" - !B0BCA ?5@52>40;0?@>A =5 @5H5=;mass;>=AC;LB0F8O
rb;2026-02-18 09:13:00;@548B  70;>30; - BA@>G:0;0?@>A =5 @5H5=;mass;>=AC;LB0F8O
rb;2026-02-18 09:12:54;@548B  70;>30; - BA@>G:0;0?@>A =5 @5H5=;mass;>=AC;LB0F8O
rb;2026-02-18 09:12:20; Bereke Bank;H81:0 ?@8 2E>45 - @>G55;0?@>A =5 @5H5=;mass;@5B5=78O
rb;2026-02-18 09:10:51;@548B  70;>30;@>G55;0?@>A =5 @5H5=;mass;>=AC;LB0F8O
rb;2026-02-18 09:05:40;5?>78B;#A;>28O - ABL 45?>78B;0?@>A =5 @5H5=;mass;>=AC;LB0F8O
rb;2026-02-18 09:04:57;@548B  70;>3;!=OBL >1@5<5=5=85 A =542868<>AB8;0?@>A =5 @5H5=;mass;>=AC;LB0F8O
rb;2026-02-18 09:04:02;@548B  70;>30;!C<<0 ?@>A@>G:8;0?@>A =5 @5H5=;mass;>=AC;LB0F8O
rb;2026-02-18 09:03:32;@548B  70;>30;@>G55;0?@>A =5 @5H5=;mass;>=AC;LB0F8O
rb;2026-02-18 09:03:23;@548B  70;>30; - BA@>G:0;0?@>A =5 @5H5=;mass;>=AC;LB0F8O
rb;2026-02-18 09:01:27;@548B  70;>30;0;>10 =0 !!/72>=>: > ;0?@>A =5 @5H5=;mass;@5B5=78O
rb;2026-02-18 08:56:39;5@52>4K;@>G55;0?@>A =5 @5H5=;mass;@5B5=78O
rb;2026-02-18 08:48:38;@548B  70;>30; 5D8=0=A8@>20=85;0?@>A =5 @5H5=;mass;>=AC;LB0F8O
rb;2026-02-18 08:45:51;@548B  70;>30; - BA@>G:0;0?@>A =5 @5H5=;mass;>=AC;LB0F8O
rb;2026-02-18 08:44:27;5?>78B;#A;>28O - 5B 45?>78B0;0?@>A =5 @5H5=, "5E=8G5A:85 ?@>1;5<K/A1>8;mass;>=AC;LB0F8O
rb;2026-02-18 08:38:37;5@52>4K;> =><5@C "$ - !B0BCA ?5@52>40;0?@>A =5 @5H5=;mass;>=AC;LB0F8O
rb;2026-02-18 08:37:40; Bereke Bank;H81:0 ?@8 2E>45 - @>G55;"5E=8G5A:85 ?@>1;5<K/A1>8, 0?@>A =5 @5H5=;mass;@5B5=78O
rb;2026-02-18 08:30:26;@548B  70;>30; 5D8=0=A8@>20=85;0?@>A =5 @5H5=;mass;>=AC;LB0F8O
rb;2026-02-18 08:28:51;@548B  70;>30;!C<<0 ?@>A@>G:8;0?@>A =5 @5H5=;mass;>=AC;LB0F8O
rb;2026-02-18 08:25:39;?>B5:0; - #A;>28O;0?@>A =5 @5H5=;mass;>=AC;LB0F8O
rb;2026-02-18 08:20:08;>O;L=>ABL;5 ?>ABC?8;8 1>=CAK;0?@>A =5 @5H5=;mass;@5B5=78O
rb;2026-02-18 08:15:25; Bereke Bank;H81:0 ?@8 2E>45 - @>G55;"5E=8G5A:85 ?@>1;5<K/A1>8, 0?@>A =5 @5H5=;mass;@5B5=78O
rb;2026-02-18 08:13:50;5@52>4K;=F845=B;0?@>A =5 @5H5=;mass;@5B5=78O
rb;2026-02-18 08:10:17;5@52>4K;@>G55;"5E=8G5A:85 ?@>1;5<K/A1>8, 0?@>A =5 @5H5=;mass;@5B5=78O
rb;2026-02-18 08:10:01;515B>20O :0@B0;K?8A:0 - 5B0;870F8O A> AB>@>=K &;"5E=8G5A:85 ?@>1;5<K/A1>8, 0?@>A =5 @5H5=;mass;>=AC;LB0F8O
rb;2026-02-18 08:05:09;2B>:@548B;!C<<0 ?@>A@>G:8;0?@>A =5 @5H5=;mass;>=AC;LB0F8O
rb;2026-02-18 07:55:15;@548B  70;>3;!B0BCA 70O2:8;0?@>A =5 @5H5=;mass;>=AC;LB0F8O
rb;2026-02-18 07:51:14; Bereke Bank;H81:0 ?@8 2E>45 - @>G55;"5E=8G5A:85 ?@>1;5<K/A1>8, 0?@>A =5 @5H5=;mass;@5B5=78O
rb;2026-02-18 06:57:28; Bereke Bank;H81:0 ?@8 @538AB@0F88;"5E=8G5A:85 ?@>1;5<K/A1>8, 0?@>A =5 @5H5=;mass;@5B5=78O
rb;2026-02-18 06:42:54; Bereke Bank;5 <>65B ?@>9B8 >=1>@48=3;0?@>A =5 @5H5=, "5E=8G5A:85 ?@>1;5<K/A1>8;mass;@5B5=78O
rb;2026-02-18 06:36:27; Bereke Bank;5 <>65B ?@>9B8 >=1>@48=3;"5E=8G5A:85 ?@>1;5<K/A1>8, 0?@>A =5 @5H5=;mass;@5B5=78O
rb;2026-02-18 02:12:38;5@52>4K;> =><5@C "$ - H81:0 ?@8 ?5@52>45;"5E=8G5A:85 ?@>1;5<K/A1>8, 0?@>A =5 @5H5=;mass;@5B5=78O
rb;2026-02-18 01:48:12;5@52>4K;> =><5@C "$ - H81:0 ?@8 ?5@52>45;"5E=8G5A:85 ?@>1;5<K/A1>8;mass;@5B5=78O
rb;2026-02-18 01:17:57;@548B  70;>30; - !B0BCA ?>30H5=8O. 5@5?@>25@O5B;0?@>A =5 @5H5=;mass;>=AC;LB0F8O
rb;2026-02-18 00:01:16;?>B5:0; - !?>A>1K >?;0BK;"5E=8G5A:85 ?@>1;5<K/A1>8, 0?@>A =5 @5H5=;mass;>=AC;LB0F8O
